"question_id","owner","sitting_id","golden_ms","question","expected_answer","generated_answer","retrieved_context","human_faithfulness","human_correctness","human_completeness","human_citation_accuracy","labelled_by","notes","panel_faithfulness","panel_correctness","panel_completeness","panel_citation_accuracy","flagged_dimensions","judges_responded","judge_rationales","adapter_error"
"tp-0328","Amirah","dn_2020-09-22","5","How many completed-but-unsold housing units (overhang) were recorded in the fourth quarter of 2019, according to the Deputy Minister?","30,664 units.","30,664 units.","[1] dn_2020-09-22 p.4: ap dibina masih banyak yang tidak terjual, dengan nilai RM22.5 billion.

**Timbalan Menteri Perumahan dan Kerajaan Tempatan [Dato’ Sri Dr. Haji Ismail bin Abd Muttalib]:** _Assalamualaikum warahmatullahi wabarakatuh_ dan sam sejahtera. Terima kasih, Tuan Yang di-Pertua, terima kasih Yang Berhormat Senator Dr. Ahmad Azam. Tuan Yang di-Pertua, Kementerian Perumahan dan Kerajaan Tempatan (KPKT) akan terus menyediakan rumah mampu milik bagi memenuhi keperluan perumahan tempatan rakyat terutama golongan B40 dan M40.

**1020**<br>
Sasaran penyediaan rumah mampu milik dalam tempoh 10 tahun di bawah K

[2] dn_2020-09-22 p.5: dijangka siap pada April 2021.

Kelima, menambah baik koordinasi antara pembangunan perumahan dan pengangkutan untuk kualiti hidup yang lebih baik.

Antara usaha kerajaan bagi mengatasi masalah kelebihan bekalan rumah kediaman adalah melalui Pelan Jana Semula Ekonomi Negara (PENJANA) 2020. Pelan ini dilaksanakan melalui inisiatif Kempen Pemilikan Rumah- Home Ownership Campaign 2020, dengan izin, yang mana insentif oleh kerajaan diberikan melalui pengecualian duti setem, insentif oleh pemaju perumahan pula diberikan melalui diskaun harga jualan sekurang-kurangnya sebanyak 10 peratus. Kedua-dua 

[3] dn_2020-09-22 p.5: DN 22.9.2020 5

<tbc>Jumlah semua ialah sebanyak 227 ribu buah rumah. Ketetapan sasaran sebanyak 1 juta rumah dalam tempoh 10 tahun adalah merupakan manifesto kerajaan dahulu. Namun demikian, jumlah sebenar perancangan dan sasaran tertakluk kepada pelbagai faktor termasuk keperluan, keadaan ekonomi dan lain-lain.

Untuk makluman Yang Berhormat, berdasarkan laporan oleh Pusat Maklumat Harta Tanah Negara (NAPIC), transaksi rumah siap dibina dan tidak terjual pada suku pertama tahun 2020 ialah sebanyak 29,698 unit daripada sejumlah 127,604 unit rumah yang telah dilancarkan iaitu dengan nilai RM18

[4] dn_2026-08-04 p.15: DN 4.8.2026 15

Walaupun saya mengetahui bahawa SSR ini satu matlamat yang 80 peratus menjelang tahun 2030 ini, kalau kita lihat sekarang gap dia masih besar. So, kementerian kita mengambil pelbagai langkah, yang termasuk ini infrastruktur untuk pengairan dan juga program lima musim dalam tempoh lima tahun.

Ini di antara yang kita ambil dan pada masa yang sama, kita juga menjangka El Nino akan melanda Malaysia pada masa yang terdekat. So, salah satu cara yang untuk mendepani masalah ini adalah memperluaskan penggunaan varieti padi rentan kemarau. Ini yang varieti yang baharu seperti MR380, MR

[5] dn_2026-02-26 p.73: DN 26.2.2026 73

kita dilabel macam kurang prihatin dengan keadaan keseluruhannya, but what is ours is ours, very simple. Terang sekali.

Jadi, jadi adakah kita perlu tunggu sampai pembentukan kerajaan selepas pilihan raya? How many Prime Ministers dulu yang saya bangkitkan isu ini, 2015 dan sudah berapa Perdana Menteri dan sampai hari ini belum diselesaikan. So, kita menaruh penuh keyakinan kali ini di bawah kepimpinan Dato’ Seri Anwar sebagai Perdana Menteri. Mudah-mudahan _insya-Allah_, dapat dilaksanakan dalam sebelum pilihan raya lah.

Selalu ini menjadi bahan kempen pilihan raya, tetapi ","1","5","5","3","Amirah","","5","5","5","5","","3","zai-org/GLM-5.2: The answer '30,664 units' is directly supported by the retrieved context (dn_2020-09-22, ms. 5), which states that the number of completed-but-unsold units in Q4 2019 was 30,664 units. This matches the golden answer exactly, and the citation points to the correct sitting and page.

Qwen/Qwen3.5-397B-A17B: The answer '30,664 units' is directly supported by the retrieved context [3] (dn_2020-09-22, ms. 5), which states that the number of completed-but-unsold units in Q4 2019 was 30,664. This matches the golden answer exactly. The citation dn_2020-09-22, ms. 5 is included in the system's cited sources and matches the golden reference.

moonshotai/Kimi-K2.6: The answer '30,664 units' exactly matches the golden answer and is directly supported by the retrieved context (dn_2020-09-22, ms. 5), which states that the Q4 2019 overhang was 30,664 units. The citation is accurate.",""
"tp-0110","Amirah","dn_2026-03-02","11, 12","Does MPOB control the price of fresh fruit bunches for palm oil, and what support is given to smallholders?","Tidak. KPK melalui MPOB tidak mengawal harga tandan buah segar dan harganya ditentukan berdasarkan permintaan dari pasaran. Antara langkah: TSPKS 2.0 (50% geran, 50% pinjaman, RM14,000/hektar Semenanjung, RM18,000/hektar Sabah Sarawak), BUDI MADANI (RM200/bulan, 40,389 diluluskan), SKIDIC (RM1,000 diskuan cantas, 6,955 penerima).","No. MPOB does not control the price of fresh fruit bunches; the price is determined by market demand.

Support for smallholders includes:

1. **TSPKS 2.0 (Skim Insentif Pembiayaan Tanam Semula Pekebun Kecil Sawit 2.0)** – replanting financing for unproductive palms over 25 years old, using quality planting materials like PS1.1. It is implemented on a hybrid basis of 50% grant and 50% loan, with costs of RM14,000 per hectare in Semenanjung and RM18,000 per hectare in Sabah and Sarawak.

2. **BUDI MADANI** – monthly cash assistance of RM200 for eligible private palm oil smallholders to ease operating costs following diesel price increases. As of 31 January 2026, 40,389 smallholder applications were approved.

3. **SKIDIC (Skim Diskaun Cantas)** – a RM1,000 discount for each purchase of the cantas harvesting tool, a technology from MPOB. A total of 6,955 recipients have benefited.

For rubber smallholders, initiatives include the Insentif Pengeluaran Getah (IPG), which benefited 524,149 smallholders as of 31 December 2025, the Insentif Pengeluaran Lateks (IPL+), and consolidation programmes.","[1] dn_2026-03-02 p.11: tua:** Dipersilakan Yang Berhormat Senator Tuan Micheal Mujah.

**Tuan Michael Mujah Lihan:** Terima kasih Dato’ Yang di-Pertua, soalan saya nombor 4.

4. **Tuan Michael Mujah Lihan** minta Menteri Perladangan dan Komoditi menyatakan, langkah terkini yang diambil oleh kementerian bagi menstabilkan harga komoditi utama negara khususnya kelapa sawit dan getah bagi memastikan pendapatan pekebun kecil tidak terjejas akibat turun naik harga pasaran global.

**Tuan Yang di-Pertua:** Menteri baharu ini.

**Menteri Perladangan dan Komoditi [Datuk Seri Dr. Noraini binti Ahmad]:** _Bismillahirrahmanirra

[2] dn_2026-03-02 p.12: DN 2.3.2026 12

<tbc>tanaman semula adalah sebanyak RM14,000 sehektar di Semenanjung dan RM18,000 per hektar di Sabah dan Sarawak.

Kedua, Program Bantuan Subsidi MADANI ataupun BUDI MADANI. Kerajaan turut memperkenalkan program BUDI MADANI bagi meringankan beban kos operasi susulan kenaikan harga diesel. Melalui program ini, bantuan tunai bulanan sebanyak RM200 disalurkan kepada pekebun kecil persendirian sawit yang layak. Seramai 40,389 PKP yang memohon untuk program ini telah diluluskan setakat 31 Januari 2026.

Ketiga, Skim Diskaun Cantas ataupun SKIDIC. PKP juga layak menerima bantuan, me

[3] dn_2026-03-02 p.11: dak mengawal harga tandan buah segar dan harganya ditentukan berdasarkan permintaan dari pasaran. Namun begitu, KPK sentiasa berusaha untuk memastikan nasib pekebun kecil sawit sentiasa terbela dengan mengambil langkah-langkah strategik seperti berikut.

Pertama Skim Insentif Pembiayaan Tanam Semula Pekebun Kecil Sawit 2.0 (TSPKS 2.0). Skim ini disediakan untuk meringankan beban kewangan pekebun kecil persendirian sawit dan program TSPKS 2.0 memfokuskan kepada aktiviti penanaman semula sawit iaitu penebangan pokok sawit yang tua melebihi 25 tahun dan tidak lagi produktif dengan bahan tanaman s

[4] dn_2019-05-06 p.31: terbaik supaya ia memberi manfaat balik kepada FELDA dan peneroka. Jadi pihak pengurusan FELDA sedang meneliti aset-aset yang mereka rasakan sesuai, yang tidak strategik, yang boleh dirasionalisasikan pada harga, pada nilai yang terbaik, itu penekanan utama kerajaan. Terima kasih Yang Berhormat Tuan Manolan bin Mohamad.

Seterusnya saya beralih kepada perkara berkaitan RISDA dan pekebun kecil. Yang Berhormat Laksamana Pertama Haji Mohamad Imran (B) bin Abd. Hamid membangkitkan mengenai usaha kerajaan dalam memastikan pekebun kecil memperoleh pendapatan RM4,000 sebulan pada tahun 2020.

Untuk m

[5] dn_2026-08-03 p.12: DN 3.8.2026 12

<tbc>mengurangkan impak kemarau serta membantu menangani episod jerebu. Bagi tempoh Februari hingga Jun 2026, sebanyak 35 penerbangan OPA telah dilaksanakan di beberapa lokasi strategik di seluruh negara.

Yang keempat ialah memperkukuh keselamatan makanan melalui penyediaan maklumat metrologi pertanian. METMalaysia menjalin kerjasama dengan Kementerian Pertanian dan Keterjaminan Makanan, Jabatan Pertanian, MARDI, MADA, KADA, Malaysian Palm Oil Board (MPOB) dan Lembaga Getah Malaysia.

METMalaysia menyediakan laporan analisis dan tinjauan metrologi pertanian setiap bulan yang m","3","5","5","4","Amirah","","5","5","5","5","citation_accuracy","3","zai-org/GLM-5.2: The answer faithfully reproduces all facts from the golden answer and retrieved context (TSPKS 2.0, BUDI MADANI, SKIDIC) with correct figures. However, it cites additional sources beyond the golden reference (dn_2019-05-06, dn_2026-08-03, dr_2017-10-31) that are not relevant to the golden answer's content, so citation accuracy is not a perfect match to the golden reference sitting and page.

Qwen/Qwen3.5-397B-A17B: The answer accurately reflects the retrieved context: MPOB does not control FFB prices (market-determined), and correctly lists TSPKS 2.0, BUDI MADANI, and SKIDIC with matching figures (RM14,000/RM18,000 per hectare, RM200/month, 40,389 approved, RM1,000 discount, 6,955 recipients). Citations point to the correct sitting and pages (dn_2026-03-02, ms. 11, 12) matching the golden reference.

moonshotai/Kimi-K2.6: The answer accurately reflects the golden answer and retrieved context: MPOB does not control FFB prices (market-determined), and correctly lists TSPKS 2.0 (50% grant/50% loan, RM14,000/ha Semenanjung, RM18,000/ha Sabah Sarawak), BUDI MADANI (RM200/month, 40,389 approved), and SKIDIC (RM1,000 discount, 6,955 recipients). Citations point to the correct sitting and pages (dn_2026-03-02, ms. 11, 12).",""
"tp-0132","Amirah","dn_2026-07-20","10","Syarikat teknologi akuakultur negara manakah yang menjadi kontroversi pelaburan KWAP?","e-Fishery dari Indonesia.","Indonesia — syarikat eFishery.","[1] dn_2026-07-20 p.10: DN 20.7.2026 10

Saya hendak jelaskan bahawa berbeda daripada yang ditanggapi oleh sebahagian kita, kedua-dua badan ini punyai lembaga pengarah, panel dan jawatankuasa pelaburan. Keputusan pelaburan itu diteliti melalui projek due diligence-nya, kajian yang sangat teliti, feasibility study oleh panel pelaburan yang mewakili kepentingan kerajaan dan juga swasta, terdiri daripada golongan profesional yang terpilih. Dan keputusan-keputusan dibuat itu kemudian dibentangkan kepada lembaga dan tidak memerlukan kelulusan Kementerian Kewangan.

Oleh itu, oleh sebab pelaburan ini pelaburan yang menyent

[2] dn_2026-07-20 p.10: tentunya dari panel pelaburan diteliti kerana dana yang dilabur itu masih— walaupun besar, tapi kecil ketimbang yang dilakukan oleh syarikat-syarikat antarabangsa terkenal yang lebih besar. Penipuan ini penipuan yang sangat canggih. Umpamanya, dari Eropah— Aqua-Spark; dari Abu Dhabi— 42X; dari Indonesia sendiri— Northstar; dari Singapura— Temasek; dari pengurus dana terkenal dunia, SoftBank; Sequoia; responsAbility; 500. Itu semua pelaburan yang jauh lebih tinggi dari KWAP.

Jadi, mereka semua, dari segi ini, terpedaya dan orang yang dipertanggungjawab itu sudah pun dipenjara, tapi saya hendak

[3] dn_2026-07-20 p.10: untungan bersih ialah RM12.9 billion, iaitu pertumbuhan dana sebanyak 9.3 peratus. Jadi, kalaupun kita mohon supaya mereka lebih waspada, kita harus lihat dari keseluruhannya dan kaedah tindakannya.

Apakah KWAP ini hanya melabur di syarikat asing? Tidak benar. Kerana— itu start- up Indonesia ya, tetapi kerana start-up di Malaysia ini dilabur juga tinggi, selain daripada projek yang kita jana melalui usaha Kementerian Kewangan iaitu GEAR-uP. GEAR-uP itu juga melibatkan KWAP, KWAN yang melibatkan RM30 billion dana termasuk kepada syarikat- syarikat bumiputera. Yang start-up di Malaysia ini term

[4] dn_2026-07-20 p.13: aan telah merancang ataupun sedang merancang ataupun akan merancang satu transformasi dalam menentukan syarikat-syarikat yang kita akan laburkan di masa depan? Dan apakah jaminan kerajaan bahawa duit rakyat ini akan terjamin dalam pelaburan? Terima kasih.

**Dato’ Seri Anwar Ibrahim:** Terima kasih Yang Berhormat. Kalau setakat ini untuk berlaku adil, keuntungan 12.5 billion itu tidak mungkin tanpa kemahiran, kepakaran, komitmen, dedikasi Panel Pelaburan, pengurusan KWAN dan KWAP dan juga pimpinannya. Jadi saya harus dari segi ini berlaku adil.

Tetapi sepertimana kita lihat pengalaman di nega

[5] dn_2026-07-20 p.11: a ada untuk KWAP ini telah berganda kepada empat kali ganda daripada jumlah asal pada tahun 2007.

Cuma, apa unjuran daripada kerajaan untuk dana KWAP ini dengan pulangan RM12.9 billion tadi dan dana pencen, tanggungan pencen kita hampir RM45 billion setahun? Bilakah unjuran yang kita boleh membiayai sepenuhnya tanggungan pencen kita menggunakan pulangan pelaburan daripada KWAP ini tanpa perlu tanggungan daripada dana kerajaan? Terima kasih, Yang Berhormat.

**Dato’ Seri Anwar bin Ibrahim:** Terima kasih Yang Berhormat. Mengikut kajian, sejak lebih 20 tahun yang lalu, semasa saya Menteri Kewan","1","5","5","3","Amirah","","5","5","5","5","","3","zai-org/GLM-5.2: The answer correctly identifies eFishery from Indonesia as the aquaculture technology company involved in the KWAP investment controversy, which is directly supported by the retrieved context (dn_2026-07-20, ms. 10) stating 'RM160 juta itu dilabur dalam syarikat teknologi akuakultur Indonesia, eFishery, tetapi ternyata sekarang ada penipuan terancang.' The citation matches the golden reference exactly.

Qwen/Qwen3.5-397B-A17B: The answer correctly identifies eFishery from Indonesia as the aquaculture technology company involved in the KWAP investment controversy, matching the golden answer exactly. The retrieved context at dn_2026-07-20, ms. 10 explicitly states 'RM160 juta itu dilabur dalam syarikat teknologi akuakultur Indonesia, eFishery, tetapi ternyata sekarang ada penipuan terancang,' directly supporting the answer. The citation matches the golden reference sitting and page.

moonshotai/Kimi-K2.6: The answer correctly identifies eFishery from Indonesia as the aquaculture technology company involved in the KWAP investment controversy, matching the golden answer exactly. The retrieved context (dn_2026-07-20, ms. 10) directly supports this claim, and the citation points to the correct sitting and page.",""
"tp-0172","Amirah","dn_2026-08-04","12, 13","Berapakah kadar bantuan tunai BUDI Agri-Komoditi mulai April 2026?","Dinaikkan daripada RM300 kepada RM400 sebulan.","RM400 sebulan, dinaikkan daripada RM300.","[1] dr_2026-06-22 p.34: serta panjang seperti berikut.

Langkah jangka pendek. Memberikan pengecualian Cukai Jualan dan Perkhidmatan (SST) sementara bagi baja pertanian seperti _rock phosphate_ dan _magnesium sulfate_ bermula 1 Januari 2026 sehingga 31 Disember 2027 bagi mengurangkan tekanan harga.

Kedua, memperuntukkan insentif pembajakan kepada pesawah IPKP bagi musim penanaman 2026 yang dinaikkan daripada RM160 kepada RM300 satu hektar. Kenaikan ini melibatkan tambahan dana yang sekitar RM40 juta yang memanfaatkan hampir 200,000 pesawah padi. Sebagai bantuan tambahan, Kerajaan turut memperkenalkan insentif penuai

[2] dn_2026-08-04 p.12: bin Md Ramli:** Hari terakhir.

**Timbalan Yang di-Pertua: [Ketawa]**

**Timbalan Menteri Pertanian dan Keterjaminan Makanan [Datuk Chan Foong**

**Hin]:** Tuan Yang di-Pertua, Kementerian Pertanian dan Keterjaminan Makanan (KPKM) sentiasa mengambil sikap proaktif dalam memantau impak pergolakan di Asia Barat terhadap rantaian bekalan makanan global dan keterjaminan makanan negara. Pelbagai strategi struktural jangka pendek, sederhana dan jangka panjang telah dilaksanakan oleh kerajaan untuk menstabilkan bekalan dan harga makanan dalam menjamin keterjaminan sumber negara berikutan pergolakan d

[3] dn_2026-08-04 p.12: 300 satu hektar. Kenaikan ini melibatkan tambahan dana sekitar RM40 juta yang memanfaatkan hampir 200 ribu pesawah padi.

Sebagai bantuan tambahan, kerajaan turut memperkenalkan Insentif Penuaian sebanyak RM50 untuk satu hektar semusim pada tahun lalu bagi meringankan beban kenaikan kos input. Menaikkan kadar bantuan tunai BUDI Agri-Komoditi daripada<tbc

[4] dn_2026-03-02 p.12: DN 2.3.2026 12

<tbc>tanaman semula adalah sebanyak RM14,000 sehektar di Semenanjung dan RM18,000 per hektar di Sabah dan Sarawak.

Kedua, Program Bantuan Subsidi MADANI ataupun BUDI MADANI. Kerajaan turut memperkenalkan program BUDI MADANI bagi meringankan beban kos operasi susulan kenaikan harga diesel. Melalui program ini, bantuan tunai bulanan sebanyak RM200 disalurkan kepada pekebun kecil persendirian sawit yang layak. Seramai 40,389 PKP yang memohon untuk program ini telah diluluskan setakat 31 Januari 2026.

Ketiga, Skim Diskaun Cantas ataupun SKIDIC. PKP juga layak menerima bantuan, me

[5] dn_2026-08-03 p.9: DN 3.8.2026 9

Peruntukan RM1 billion untuk program menangani kos sara hidup. Antaranya, program Jualan Rahmah MADANI yang telah ditingkatkan peruntukan kepada RM600 juta berbanding RM100 juta sejak ia diperkenalkan pada tahun 2023. Ini menawarkan barangan keperluan asas kepada harga berpatutan di semua 600 Dewan Undangan Negeri dan juga 40 lokasi lokaliti di Wilayah Persekutuan dengan peningkatan kekerapan daripada tiga kali sebulan kepada empat kali sebulan di setiap DUN yang akan memanfaatkan golongan sasar.

Program Bantuan Awal Persekolahan berjumlah hampir RM800 juta disediakan tanpa men","2","5","5","2","Amirah","","5","5","5","3","","3","zai-org/GLM-5.2: The answer correctly states the BUDI Agri-Komoditi cash aid was raised from RM300 to RM400 per month starting April 2026, matching the golden answer and the retrieved context. However, the system cited multiple sources beyond the golden reference (dn_2026-08-04, ms. 12, 13), including irrelevant ones like dr_2026-06-22 and dn_2026-03-02, so citation accuracy is not exact.

Qwen/Qwen3.5-397B-A17B: The answer correctly states the BUDI Agri-Komoditi cash aid was raised from RM300 to RM400 per month starting April 2026, matching the golden answer and the retrieved context. However, the system cited multiple sources including irrelevant ones (dr_2026-06-22, dn_2026-03-02, dn_2026-08-03) beyond the golden reference (dn_2026-08-04, ms. 12, 13), so citation accuracy is not exact.

moonshotai/Kimi-K2.6: The answer correctly states the BUDI Agri-Komoditi cash aid was raised from RM300 to RM400 per month starting April 2026, fully supported by the retrieved context and matching the golden answer. However, the system cites four sources while the golden reference points to dn_2026-08-04, ms. 12-13; the extra citations (dr_2026-06-22, dn_2026-03-02, dn_2026-08-03) are not the golden sitting/page, so citation accuracy is partial.",""
"tp-0100","Sofia","","","What is Aras Integrasi's involvement in Dewan Rakyat?","None mentioned","Aras Integrasi is not mentioned in the provided documents. The text lists members of the Dewan Rakyat, including their names and roles, but there is no reference to Aras Integrasi or its involvement in the parliament. The documents focus on parliamentary proceedings, committee reports, and discussions related to various bills and policies, but Aras Integrasi does not appear in any of the content provided.
","[1] dr_2017-10-31 p.1: /9j/4AAQSkZJRgABAQAAAQABAAD/2wBDAAEBAQEBAQEBAQEBAQEBAQEBAQEBAQEBAQEBAQEBAQEBAQEBAQEBAQEBAQEBAQEBAQEBAQEBAQEBAQEBAQEBAQH/2wBDAQEBAQEBAQEBAQEBAQEBAQEBAQEBAQEBAQEBAQEBAQEBAQEBAQEBAQEBAQEBAQEBAQEBAQEBAQEBAQEBAQEBAQH/wAARCAQAA/QDASIAAhEBAxEB/8QAHwAAAQUBAQEBAQEAAAAAAAAAAAECAwQFBgcICQoL/8QAtRAAAgEDAwIEAwUFBAQAAAF9AQIDAAQRBRIhMUEGE1FhByJxFDKBkaEII0KxwRVS0fAkM2JyggkKFhcYGRolJicoKSo0NTY3ODk6Q0RFRkdISUpTVFVWV1hZWmNkZWZnaGlqc3R1dnd4eXqDhIWGh4iJipKTlJWWl5iZmqKjpKWmp6ipqrKztLW2t7i5usLDxMXGx8jJytLT1NXW19jZ2uHi4+Tl5ufo6erx8vP09fb3+Pn6/8QAHwEAAwEBAQEBAQEBAQAAAAAAAAECAwQFBgcICQoL/8QAtREAAgECBAQDBAcFBAQAAQJ3AAEC

[2] dr_2026-06-22 p.-4: /9j/4AAQSkZJRgABAQAAAQABAAD/2wBDAAEBAQEBAQEBAQEBAQEBAQEBAQEBAQEBAQEBAQEBAQEBAQEBAQEBAQEBAQEBAQEBAQEBAQEBAQEBAQEBAQEBAQH/2wBDAQEBAQEBAQEBAQEBAQEBAQEBAQEBAQEBAQEBAQEBAQEBAQEBAQEBAQEBAQEBAQEBAQEBAQEBAQEBAQEBAQEBAQH/wAARCAK/AkUDASIAAhEBAxEB/8QAHwAAAQUBAQEBAQEAAAAAAAAAAAECAwQFBgcICQoL/8QAtRAAAgEDAwIEAwUFBAQAAAF9AQIDAAQRBRIhMUEGE1FhByJxFDKBkaEII0KxwRVS0fAkM2JyggkKFhcYGRolJicoKSo0NTY3ODk6Q0RFRkdISUpTVFVWV1hZWmNkZWZnaGlqc3R1dnd4eXqDhIWGh4iJipKTlJWWl5iZmqKjpKWmp6ipqrKztLW2t7i5usLDxMXGx8jJytLT1NXW19jZ2uHi4+Tl5ufo6erx8vP09fb3+Pn6/8QAHwEAAwEBAQEBAQEBAQAAAAAAAAECAwQFBgcICQoL/8QAtREAAgECBAQDBAcFBAQAAQJ3AAEC

[3] dn_2019-05-06 p.65: DN 6.5.2019 65

(ii) Jawatankuasa Antirasuah Peringkat Kementerian ataupun jabatan ataupun Agensi Persekutuan; dan

(iii) JAR ataupun Jawatankuasa Antirasuah Peringkat Kerajaan Negeri

Kerajaan sememagnnya bertekad untuk melakukan reformasi tadbir urus serta meningkatkan ketelusan bagi mencegah rasuah dan salah guna kuasa sepertimana mandat yang telah diberikan oleh rakyat. Sebagai contoh, usaha memantapkan unit integriti di semua agensi kerajaan dalam menempatkan pegawai SPM sebagai ketua unit integriti. Usaha-usaha ini akan menjadikan Malaysia secara keseluruhannya sebagai sebuah negara yang

[4] dr_2004-06-14 p.-9: DR.14.6.2004 i

## AHLI-AHLI DEWAN RAKYAT

Yang Amat Berbahagia Tuan Yang di-Pertua, Tun Dato Seri Dr. Mohamed Zahir bin Haji Ismail, S.S.M., P.M.N., S.S.D.K., S.P.M.K., D.S.D.K., J.M.N.

Yang Berhormat Timbalan Yang di-Pertua, Datuk Lim Si Cheng (Kulai) - MCA

Yang Berhormat Timbalan Yang di-Pertua, Datuk Dr. Yusof bin Yacob (Sipitang) - UMNO

## MENTERI

Yang Amat Berhormat Perdana Menteri, Menteri Kewangan dan Menteri Keselamatan Dalam Negeri, Dato’ Seri Abdullah bin Haji Ahmad Badawi, S.P.M.S., S.S.S.J., S.P.S.A., S.S.A.P., S.P.D.K., D.P., S.P.N.S., D.G.P.N., D.S.S.A., D.M.P.N., D.J.N., K.

[5] dr_2026-06-22 p.79: DR. 22.6.2026 79

<tbc>atas kesempatan untuk saya menggulung bagi pihak Jawatankuasa Pilihan Khas Kesihatan. Terima kasih.

**Timbalan Yang di-Pertua [Puan Alice Lau Kiong Yieng]:** Terima kasih Yang Berhormat Kuala Langat. Selesai sesi penerangan yang pertama. Sekarang kita ke sesi penerangan yang kedua. Saya seterusnya meminta Yang Berhormat Rasah, Pengerusi Jawatankuasa Pilihan Perdagangan Dalam Negeri, Keusahawanan, Kos Sara Hidup dan Pertanian, akan memberi perangan berkenaan penyata bertajuk Mekanisme Penyertaan Rakan Niaga dan Agensi Pelaksana Dalam Program Sumbangan Asas Rahmah (SARA).","1","5","5","1","Amirah","","5","5","5","1","","3","zai-org/GLM-5.2: The answer correctly states that Aras Integrasi is not mentioned, matching the golden answer, and every claim is supported by the retrieved context. However, the system cites seven sources while the golden reference records no reference, so no citation can be verified as pointing at the golden sitting and page.

Qwen/Qwen3.5-397B-A17B: The answer correctly states that Aras Integrasi is not mentioned in the retrieved documents, which aligns with the golden answer 'None mentioned'. However, the citations provided (dr_2017-10-31, dr_2026-06-22, dn_2019-05-06, dr_2004-06-14) do not correspond to any specific golden reference since none was recorded, making citation accuracy unverifiable and effectively unusable.

moonshotai/Kimi-K2.6: The answer correctly states that Aras Integrasi is not mentioned in the retrieved documents, matching the golden answer 'None mentioned'; however, it cites no usable source, and the listed citations include impossible future dates (2026) and negative page numbers, so citation_accuracy is 1.",""
"tp-0305","Sofia","dn_2019-05-06","13","Berapakah peruntukan PPRT 2019?","Kerajaan telah memperuntukkan sebanyak RM200 juta bagi projek Program Perumahan Rakyat Termiskin (PPRT) untuk tahun 2019 meliputi bantuan bina baru dan juga baik pulih rumah.","Kerajaan telah memperuntukkan sebanyak RM200 juta bagi projek Program Perumahan Rakyat Termiskin (PPRT) untuk tahun 2019, meliputi bantuan bina baru dan baik pulih rumah. Daripada jumlah tersebut, RM86.038 juta untuk bantuan bina baru rumah (1,224 unit) dan RM113.962 juta untuk bantuan baik pulih rumah (7,354 unit).","[1] dn_2019-05-06 p.13: DN 6.5.2019 13

Untuk makluman Yang Berhomat Senator dan Dewan yang mulia ini, Program Perumahan Rakyat Termiskin (PPRT) merupakan usaha kerajaan bagi membolehkan rakyat mendiami rumah yang lebih selamat dan selesa kepada kumpulan sasar golongan miskin dan miskin tegar di kawasan luar bandar. Kerajaan telah memperuntukkan sebanyak RM200 juta bagi projek Program Perumahan Rakyat Termiskin (PPRT) ini untuk tahun 2019 meliputi bantuan bina baru dan juga baik pulih rumah.

Daripada peruntukan tersebut, sebanyak RM86.038 juta telah diperuntukkan bagi bantuan bina baru rumah melibatkan sasaran pembi

[2] dn_2019-05-06 p.57: DN 6.5.2019 57

Seterusnya pada tahun 2019, Kerajaan Persekutuan telah memperuntukkan sebanyak RM54.7 billion bagi melaksanakan projek pembangunan yang memberi manfaat kepada rakyat. Peruntukan pembangunan tidak dipengaruhi sepenuhnya oleh prestasi kutipan hasil kerajaan kerana kebanyakannya merupakan projek yang bersambung dan peruntukan disediakan berdasarkan keperluan aliran tunai projek. Peruntukan untuk melaksanakan projek-projek pembangunan sebahagian besarnya adalah melalui pinjaman sekiranya tiada lebihan hasil. Untuk peruntukan bantuan kepada rakyat, ia tetap menjadi keutamaan kepada 

[3] dr_2017-10-31 p.103: h kerajaan semasa Bajet 2017 lalu memperuntukkan sebanyak 69 projek rancangan tambatan banjir dengan peruntukan sebanyak RM495 juta. Saya mohon kerajaan mempertimbangkan peruntukan untuk rancangan tambatan banjir Sungai Tengar di Sabak Bernam yang merangkumi kawasan benteng Sungai Air Tawar dan benteng Tebuk Mendeling dengan anggaran kos RM10 juta. Tambatan banjir ini amat mendesak. Ini kerana benteng-benteng tersebut telah menjadi rebak dan putus. Malah apabila benteng-benteng ini di perbaiki semula, benteng-benteng tersebut akan runtuh sekali lagi. Ini kerana disebabkan oleh pengaruh air pas

[4] kkdr_2026-07-14 p.12: 12 KKDR.14.7.2026

<tbc>la adalah sumber kehidupan, warisan keluarga, identiti masyarakat dan jaminan masa depan generasi yang akan datang.

Ribuan keluarga luar bandar masih mengusahakan tanah yang belum mempunyai geran sah walaupun telah diduduki selama puluhan tahun. Sebab itulah Program PANTAS diperkenalkan pada tahun 2011 untuk memperceptkan kerja pengukuran tanah adat dan pengeluaran geran kepada rakyat Sabah. Program ini terbukti berjaya dan memberi manfaat besar kepada rakyat.

Menurut data rasmi Jabatan Tanah dan Ukur Sabah sehingga September 2019, Program PANTAS telah dilaksanakan di

[5] kkdr_2026-07-14 p.13: han tuntutan serta kemajuan pelaksanaan program.

Di bawah mekanisme rolling plan tahunan, peruntukan tambahan boleh dipertimbangkan sepanjang tempoh RMK13 permohonan keperluan tambahan akan dipertimbangkan dan berdasarkan justifikasi ya keperluan data sasaran pengukuran yang lebih tepat. Kalau betul ada pengurangan yang lebih tepat. Kalau betul ada pengurangan saya fikir itu pun tidak wajar sebenarnya dan saya fikir kita bersama-sama — saya sendiri akan take up this issue kepada Kementerian Ekonomi terutamanya supaya boleh dipertimbangkan untuk dana- dana tambahan selepas ini.

Sebab kalau ik","5","5","5","2","Amirah","","5","5","5","5","","3","zai-org/GLM-5.2: Jawapan sistem sepadan sepenuhnya dengan jawapan emas dan konteks yang diperoleh — RM200 juta untuk PPRT 2019, RM86.038 juta untuk bina baru (1,224 unit) dan RM113.962 juta untuk baik pulih (7,354 unit) — semuanya disokong secara langsung oleh dn_2019-05-06 ms. 13. Semua fakta adalah tepat, tiada butiran yang hilang atau direka-reka, dan petikan menunjuk kepada duduk dan halaman yang betul.

Qwen/Qwen3.5-397B-A17B: The answer matches the golden answer exactly on the RM200 juta PPRT 2019 allocation and adds breakdown figures (RM86.038 juta bina baru, 1,224 unit; RM113.962 juta baik pulih, 7,354 unit) all directly supported by the retrieved context at dn_2019-05-06, ms. 13, which is the exact sitting and page in the golden reference.

moonshotai/Kimi-K2.6: The answer matches the golden answer exactly on the RM200 juta PPRT 2019 allocation and adds the RM86.038 juta (1,224 unit) and RM113.962 juta (7,354 unit) breakdown, all directly supported by the retrieved context from dn_2019-05-06 ms. 13, which is the exact sitting and page in the golden reference.",""
"tp-0081","Sofia","dn_2026-02-26","13","Apakah KSKCC?","KSKCC merupakan pusat khidmat kaunseling syarie dan terapi psikospiritual Islam dan ilaj syarie","KSKCC ialah KSKCareCentre, pusat khidmat kaunseling syarie dan terapi psikospiritual Islam serta ilaj syarie yang ditubuhkan oleh JAKIM. Ia terletak di Masjid Tuanku Mizan Zainal Abidin, dibuka kepada semua masyarakat dan menyediakan perkhidmatan secara percuma, termasuk pelaksanaan program pendidikan dan advokasi.","[1] dn_2026-02-26 p.13: advokasi, dakwah dan bimbingan serta penguatkuasaan selaras dengan fungsi mengikut bidang kuasa masing-masing.

**1040**

JAKIM juga mewujudkan KSKCareCentre (KSKCC) yang mana KSKCC ini ia terletak di Masjid Tuanku Mizan Zainal Abidin yang dibuka kepada semua masyarakat dan memberikan perkhidmatan secara percuma.

KSKCC ini merupakan pusat khidmat kaunseling syarie dan terapi psikospiritual Islam dan _ilaj syarie_ dan lain-lain seperti pelaksanaan program pendidikan dan advokasi yang say

[2] dn_2026-02-26 p.13: di, saya nak tanya perkara ini supaya dilihat ataupun kementerian dapat melihat secara besar padu dengan Kementerian Pendidikan ke lain-lain supaya dijadikan sebagai sebahagian daripada kurikulum pendidikan atau lain-lain. Terima kasih.

**Timbalan Yang di-Pertua:** YB Menteri.

**Puan Marhamah binti Rosli:** Terima kasih Yang Berhormat dan saya bersetuju ya dan kebimbangan ini bukan kebimbangan satu pihak tapi kebimbangan semua. Berkenaan dengan soalan tadi, bagaimana supaya gejala ini tidak dinormalisasi? Saya menjawab terus soalan tadi.

Dipihak kita, JAKIM telah mengambil banyak langkah se

[3] dn_2026-08-03 p.114: pindaan seksyen 13.

SKMM atau MCMC bukan sekadar badan pengawal selia _telco_, tetapi pembuat keputusan berimpak tinggi. SKMM ini bukan sekadar badan yang _regulate_ syarikat _telco_. Setiap keputusan yang SKMM buat daripada isu _internet access_, kandungan media sosial, _cybersecurity_ hinggalah kepada hak pengguna digital sebenar-benarnya memberi kesan secara langsung kepada rakyat Malaysia seluruhnya dalam kehidupan seharian mereka

[4] dr_2026-06-22 p.93: satu agensi ini, sudah tentulah banyak kelemahan yang kita hadapi.

Dan apakah jaminan keselamatan data di mana 8.1 juta penerima SARA pada tahun 2026? Jadi, kita tidak mahu penggunaan data peribadi ini dipergunakan terutama oleh pihak yang tidak bertanggungjawab. Adakah audit keselamatan siber dilakukan secara berkala? Apakah langkah sekiranya berlaku kebocoran data melalui penggunaan MyKad ini

[5] dn_2026-03-02 p.73: Kemubu (KADA) akan dipertingkatkan bagi memastikan intervensi, infrastruktur, teknologi dan sokongan agronomi dilaksanakan secara tersusun. Pendekatan ini diyakini mampu meningkatkan hasil padi Kelantan dan menyumbang secara lebih signifikan kepada SSR beras negara.

Berhubung dengan cabaran kartel dalam industri, kementerian sentiasa berkerjasama dengan Suruhanjaya Persaingan Malaysia (MYCC) dalam memastikan tiada unsur elemen kartel dalam industri. Dan kajian oleh pihak MYCC terhadap industri juga tidak menemui sebarang amalan anti persaingan atau apa-apa isu yang bertentangan dengan peruntu","5","5","5","3","Amirah","","5","5","5","5","","3","zai-org/GLM-5.2: The answer's claims (KSKCC = KSKCareCentre, pusat khidmat kaunseling syarie dan terapi psikospiritual Islam dan ilaj syarie, established by JAKIM, located at Masjid Tuanku Mizan Zainal Abidin, free services, education/advocacy programs) are all directly supported by the retrieved context from dn_2026-02-26 ms. 13, matching the golden answer and citing the exact sitting and page.

Qwen/Qwen3.5-397B-A17B: The answer accurately describes KSKCC as a Syariah counseling and Islamic psychospiritual therapy center established by JAKIM, located at Masjid Tuanku Mizan Zainal Abidin, offering free services to all members of society, which is fully supported by the retrieved context from dn_2026-02-26, ms. 13. All factual claims match the golden answer and the retrieved context, and the citation points to the correct sitting and page.

moonshotai/Kimi-K2.6: The answer accurately describes KSKCC as a syariah counseling and Islamic psychospiritual therapy center established by JAKIM, located at Masjid Tuanku Mizan Zainal Abidin, offering free services to all members of society, which is fully supported by the retrieved context from dn_2026-02-26, ms. 13. All factual claims match the golden answer and the source material, with correct citation to the exact sitting and page.",""
"tp-0071","Sofia","dn_2026-08-03","32","Mengapa kedai serbaneka dan pasar mini stesen minyak dikecualikan dari SARA?","Kebanyakan kedai serbaneka tidak menepati syarat penjualan barang asas SARA (antaranya membekalkan beras dan minyak masak). SARA fokus kepada kedai runcit kecil dan koperasi — 14,000+ kedai runcit/pasar raya rakan niaga, 6,000+ kedai runcit kecil/koperasi. Sasaran: 10,000 kedai runcit hujung 2026, jarak terdekat dikurangkan dari 10km ke 7km.","Kebanyakan kedai serbaneka tidak menepati syarat penjualan barang asas yang ditetapkan di bawah program SARA, antaranya syarat membekalkan beras dan minyak masak. Selain itu, kerajaan memfokuskan penyertaan kedai runcit kecil sebagai rakan niaga SARA bagi membantu meningkatkan penyertaan dan pertumbuhan peniaga kecil dalam ekosistem peruncitan tempatan.","[1] dn_2026-08-03 p.31: DN 3.8.2026 31

pelancongan minat khas _(niche tourism)_ yang dapat menarik lebih ramai pelancong berkualiti tanpa berbelanja tinggi. Sekian, terima kasih.

**Tuan Yang di-Pertua:** Sekarang soalan terakhir ya. Dipersilakan Yang Berhormat Senator Tan Sri Dato’ Low Kian Chuan.

**Dato’ Low Kian Chuan:** Terima kasih.

**Tuan Yang di-Pertua:** Soalan terakhir pada sesi Pertanyaan-pertanyaan Jawab Lisan. Ya Yang Berhormat Tan Sri.

**Dato’ Low Kian Chuan:** Terima kasih Dato Yang di-Pertua. Soalan saya nombor 10.

## 10. Tan Sri Dato’ Low Kian Chuan minta Menteri Kewangan menyatakan:

(a) apakah 

[2] dn_2026-08-03 p.32: DN 3.8.2026 32

<tbc>lanjut bagi memastikan aspek kualiti, keselamatan makanan dan jaminan kepada pengguna dapat dipelihara sebelum sebarang keputusan muktamad dibuat.

Oleh yang demikian, kerajaan telah mengambil tindakan untuk meluaskan senarai kategori barangan SARA sedia ada kepada kategori makanan sejuk beku _(frozen foods)_ terlebih dahulu pada bulan Februari 2026 sebagai kategori terbaru.

Pada ketika ini, kerajaan telah berjaya meningkatkan penglibatan lebih 14,000 kedai runcit dan pasar raya sebagai rakan niaga SARA. Dari jumlah ini, terdapat lebih 6,000 kedai runcit kecil dan koperas

[3] dn_2026-08-03 p.32: mbantu meningkatkan penyertaan dan pertumbuhan peniaga kecil dalam ekosistem peruncitan tempatan. Selain itu, kebanyakan kedai serbaneka juga tidak menepati syarat penjualan barang asas yang ditetapkan di bawah program SARA yang antaranya juga membekalkan beras dan minyak masak.

Dengan ketetapan perutusan tahun baru 2026 oleh Yang Amat Berhormat Perdana Menteri, kerajaan telah menyasarkan untuk meningkatkan kedai runcit kepada 10,000 kedai menjelang hujung tahun ini. Dan jarak kedai runcit terdekat dikurangkan daripada 10 kilometer ke tujuh kilometer. Bilangan rakan niaga SARA ini akan terus 

[4] dn_2026-07-20 p.21: DN 20.7.2026 21

<tbc>runcit kecil sebagai rakan SARA kepada lebih 6,000 premis dan dijangka meningkat dari masa ke semasa.

Dalam masa yang sama, terdapat 140,000 produk atau barangan yang boleh diperolehi di bawah pelaksanaan SARA, antaranya beras, kicap, tepung, biskut, garam, gula, roti, telur, susu formula bayi, lampin dewasa atau bayi, sabun mandian, produk cucian lantai, alat tulis, pakaian sekolah dan ayam sejuk beku serta makanan laut sejuk beku bagi memanfaatkan hampir sembilan juta penerima SARA bulanan serta 22 juta penerima SARA untuk semua.

Untuk makluman Yang Berhormat, jumlah 

[5] dr_2026-06-22 p.82: gaan apabila Skim ini dilaksanakan. Kenapa merosot, persoalannya? Saya memberikan satu contoh. Di luar bandar, katakan keluarga A, setiap bulan melanggan atau pun beli barang keperluan daripada kedai runcit B, purata dalam RM200 setiap bulan.

Disebabkan ada SARA ini, gunakan MyKad, dan kedai runcit itu tidak termasuk dalam rakan niaga untuk SARA, jadi keluarga A itu, dia tidak boleh nak gunakan MyKad itu dengan kedai runcit B, dia kena pergi pasar raya. Jadi dengan begitu, sudah tentunya kedai runcit kecil, kedai runcit B di kampung merosot perniagaan. Keluarga itu mungkin setakat beli RM100 ","3","5","5","4","Amirah","","5","5","3","5","","3","zai-org/GLM-5.2: The answer faithfully reproduces the core reasons from dn_2026-08-03 ms. 32 (convenience stores not meeting SARA basic goods conditions like rice and cooking oil; focus on small retailers) and cites the correct sitting and page, but omits the secondary figures in the golden answer (14,000+ retail partners, 6,000+ small shops/cooperatives, 10,000 target by end-2026, 10km→7km radius reduction).

Qwen/Qwen3.5-397B-A17B: The answer faithfully reproduces the two core reasons from dn_2026-08-03 ms. 32 (most convenience stores fail SARA's basic-goods conditions like supplying rice and cooking oil, and the focus on small retailers), but omits the golden answer's secondary figures — 14,000+ retail partners, 6,000+ small shops/cooperatives, the 10,000-store target by end-2026, and the 10km→7km distance reduction — so completeness is the lowest score.

moonshotai/Kimi-K2.6: The answer faithfully reproduces the two core reasons from dn_2026-08-03 ms. 32 (convenience stores not meeting SARA basic-goods conditions like supplying rice and cooking oil, and the focus on small retailers), but omits the golden answer's secondary figures (14,000+ retail partners, 6,000+ small shops/cooperatives, 10,000-store target by end-2026, and the 10km→7km distance reduction), so completeness is the lowest score.",""
"tp-0313","Sofia","dr_2004-06-14","3","Apakah kawasan tanggungjawab Agensi Penguatkuasaan Maritim Malaysia?","Kawasan tanggungjawab Agensi Penguatkuasaan Maritim Malaysia adalah meliputi perairan dalaman. laut wilayah, pelantar benua, zon ekonomi eksklusif dan perairan perikanan dan termasuklah ruang udara di atas zon ini. Keluasan zon maritim negara meliputi 614,000 kilometer persegi iaitu dua kali ganda keluasan darat Malaysia.","Kawasan tanggungjawab Agensi Penguatkuasaan Maritim Malaysia meliputi perairan dalaman, laut wilayah, pelantar benua, zon ekonomi eksklusif dan perairan perikanan, termasuklah ruang udara di atas zon ini. Keluasan zon maritim negara meliputi 614,000 kilometer persegi iaitu dua kali ganda keluasan darat Malaysia.","[1] dr_2004-06-14 p.3: ah pasukan tentera yang akan diktiraf sebagai combatant mengikut Convention Geneva. Sebagai sebuah angkatan separa tentera, anggotanya perlu mempunyai keberanian, disiplin dan profesionalisme yang tinggi. Perintah dan kawalan ( command and control ) yang efektif dan jitu sangat mustahak bagi menentukan agensi ini dapat memainkan peranannya dengan berkesan. Agensi ini akan mempunyai pangkalan-pangkalannya di seluruh negara bagi menentukan penjagaan dan pemeliharaan keamanan dan keselamatan perairan negara dapat dilaksanakan dengan cepat dan berkesan. Agensi ini dilengkapkan dengan bot, kapal da

[2] dr_2004-06-14 p.4: 4 DR.14.6.2004

Adalah menjadi harapan kerajaan dengan tertubuhnya agensi baru ini, selain daripada meningkatkan kawalan perairan negara, ia juga akan menambah pendapatan negara melalui peningkatan hasil tangkapan ikan, pelancongan dan perkapalan.

Tuan Yang di-Pertua, bagi menentukan agensi ini dapat memainkan peranannya dalam melaksanakan tanggungjawabnya secara sah dan mantap, maka Rang Undang-undang Agensi Penguatkuasaan Maritim Malaysia 2004 ini dikemukakan pada persidangan Dewan yang mulia ini. Rang Undang-undang Agensi Penguatkuasaan Maritim Malaysia 2004 ini mengandungi empat bahagian 

[3] dr_2004-06-14 p.4: an maritim Malaysia.

Fasal 6 menyenaraikan fungsi Agensi Penguatkuasaan Maritim Malaysia.

Fasal 7 memperuntukkan kuasa Agensi Penguatkuasaan Maritim Malaysia dan Fasal 7(6) menyenaraikan aktiviti di kawasan maritim yang disifatkan sebagai memudaratkan keamanan, ketenteraman dan keselamatan Malaysia.

Bahagian IV Rang Undang-undang memperuntukkan mengenai perkaraperkara am seperti pendakwaan, status penyiasatan, perlindungan kepada pegawaipegawai agensi, peruntukan koordinasi antara Agensi Penguatkuasaan Maritim Malaysia dengan agensi-agensi penguatkuasaan lain, kuasa semasa darurat, krisis d

[4] dr_2004-06-14 p.4: asatan itu.

Fasal 10 memperuntukkan perlindungan kepada pegawai Agensi Penguatkuasaan Maritim Malaysia mengenai apa-apa tindakan dilakukan atau ditinggalkan dengan suci hati dalam menjalankan tugasnya.

Fasal 12 memberarkan anggota Agensi Penguatkuasaan Maritim Malaysia membawa senjata semasa menjalankan tugasnya.

Fasal 13, 14 dan 15 memperuntukkan mengenai kesalahan-kesalahan pembolosan, dahagi dan penderhakaan oleh Agensi Penguatkuasaan Maritim Malaysia dan hukuman yang dikenakan.

Fasal 16 memperuntukkan bahawa Agensi Penguatkuasaan Maritim Malaysia bersama dengan agensi-agensi penguatkua

[5] dr_2004-06-14 p.2: MM). Penubuhannya akan dibuat melalui penggabungan aset-aset agensi maritim sedia ada terutama daripada Polis Diraja Malaysia, Cawangan Marin, Tentera Laut Diraja Malaysia, Jabatan Kastam Diraja Malaysia dan Jabatan Laut. Keputusan yang diambil kerajaan ini juga merupakan trend di kebanyakan negara berpantai yang lebih cenderung ke arah sebuah agensi yang khusus yang lebih dikenali sebagai Coast Guard.

Tuan Yang di-Pertua, adalah menjadi tujuan kerajaan dengan penubuhan agensi ini, ianya akan dapat melaksanakan fungsi-fungsi penguatkuasaan dengan lebih berkesan dan efisien bagi memastikan kes","2","5","5","4","Amirah","","5","5","5","5","","3","zai-org/GLM-5.2: Jawapan sistem adalah hampir serupa dengan jawapan emas, dengan setiap fakta (perairan dalaman, laut wilayah, pelantar benua, zon ekonomi eksklusif, perairan perikanan, ruang udara, 614,000 km persegi, dua kali ganda keluasan darat) disokong secara langsung oleh konteks yang diperoleh semula pada ms. 3. Semua dimensi adalah padan dengan sempurna.

Qwen/Qwen3.5-397B-A17B: The answer is a near-verbatim match to the golden answer and is directly supported by the retrieved context at dr_2004-06-14, ms. 3, including the exact list of maritime zones and the 614,000 km² figure. The primary citation matches the golden reference exactly.

moonshotai/Kimi-K2.6: Jawapan sistem adalah hampir serupa dengan jawapan emas, memetik secara tepat kandungan dr_2004-06-14 ms. 3 yang menyenaraikan kawasan tanggungjawab (perairan dalaman, laut wilayah, pelantar benua, zon ekonomi eksklusif, perairan perikanan, ruang udara) dan keluasan 614,000 km persegi. Semua fakta disokong oleh konteks yang diperoleh dan sepadan dengan jawapan emas.",""
"tp-0310","Sofia","dr_2017-10-31","15","Berapakah bantuan NADMA kepada mangsa banjir Perlis September 2017?","RM500 kepada 805 ketua isi rumah yang berpindah ke pusat pemindahan, disalurkan melalui Kumpulan Wang Amanah Bantuan Bencana Negara.","NADMA memberikan peruntukan khas dalam bentuk wang sebanyak RM500 kepada 805 ketua isi rumah yang berpindah ke pusat pemindahan semasa banjir pada 21 hingga 28 September 2017. Bantuan ini disalurkan menerusi Kumpulan Wang Amanah Bantuan Bencana Negara.","[1] dr_2017-10-31 p.15: DR.31.10.2017 15

5. Ir. Shaharuddin bin Ismail [Kangar] minta Perdana Menteri menyatakan apakah terdapat peruntukan khas secara segera apabila berlakunya bencana seperti kejadian banjir yang berlaku di negeri Perlis untuk diberikan kepada mangsa-mangsa banjir.

**Menteri di Jabatan Perdana Menteri [Dato’ Seri Dr. Shahidan bin Kassim]:** Terima kasih Tuan Yang di-Pertua. Terima kasih Yang Berhormat yang bertanya soalan. Untuk makluman Yang Berhormat, pihak kerajaan melalui NADMA akan memberikan peruntukan khas dalam bentuk wang ihan sebanyak RM500 kepada 805 ketua isi rumah yang berpindah ke p

[2] dr_2017-10-31 p.15: keperluan yang mencukupi untuk mangsa banjir yang tinggal di pusat-pusat pemindahan termasuk lah menyediakan makanan dan Yang Berhormat Menteri sendiri memasak untuk mangsa-mangsa banjir. Hebat.

Akan tetapi apa yang saya risaukan, selepas banjir banyak peralatan-peralatan perabot, peralatan elektrik semuanya rosak dan peralatan untuk mangsa meneruskan kehidupan mereka seperti bengkel jahitan, jentera pertanian, kedai makan, kedai runcit dan sebagainya mengalami kerosakan yang teruk. Jadi, soalan saya apakah ada bentuk bantuan selepas berlaku banjir untuk membantu mangsa meneruskan kehidupan m

[3] dr_2026-03-02 p.13: banjir.

Dan saya juga bertanya, adakah kementerian menyediakan peralatan-peralatan yang diperlukan semasa krisis seperti _battery power_, _communication device_ dan lain-lain peralatan yang mungkin perlu semasa krisis berlaku. Terima kasih Tuan Yang di-Pertua.

**Tuan Syahredzan bin Johan [Bangi]:** Silakan Yang Amat Berhormat.

**Datuk Amar Haji Fadillah bin Haji Yusof:** Terima kasih Yang Berhormat Tampin. Isu yang dibangkitkan atau cadangan dibangkitkan oleh Tampin memang ada peruntukan disediakan tapi ia nya melalui NADMA dan juga kementerian kebajikan yang mana mereka menyediakan stok da

[4] dr_2026-03-02 p.13: at. Tindakan perlu diambil oleh NADMA dan juga Kementerian Kebajikan berhubung kait dengan pengurusan bencana banjir di peringkat komuniti.

Sebab itu kita dah ada pengurusan banjir ini, kita ada di peringkat negeri, peringkat kebangsaan dan juga di peringkat daerah iaitu pejabat daerah lah yang akan menguruskan bila berlaku banjir, di mana nak menempatkan orang, apa segala bantuan yang diperlukan untuk disediakan pada masyarakat kita. Terima kasih

[5] dn_2026-03-02 p.50: <tbc>DN 2.3.2026 50<tbc>

<tbc>di Johor. Daripada jumlah keseluruhan ini, sebanyak 16 institusi terletak di Johor Bharu, mungkin juga di Pulai. Dan pada masa ini, keutamaan kerajaan adalah untuk meningkatkan kualiti penyampaian latihan, kadar penggunaan fasiliti tersebut serta penyelarasan program agar sumber yang tersedia dimanfaatkan secara optimum. Itu mengenai TVET.

Yang kedua, mengenai NADMA. Yang Berhormat Senator Tuan Haji Baharuddin bin Ahmad dan Yang Berhormat Senator Puan Tiew Way Keng mencadangkan agar kerjasama di antara Kerajaan Pusat dan kerajaan negeri dipertingkatkan ketika be","5","5","5","3","Amirah","","5","5","5","5","","3","zai-org/GLM-5.2: The answer matches the golden answer exactly on all checkable facts (RM500, 805 KIR, 21–28 September 2017, Kumpulan Wang Amanah Bantuan Bencana Negara) and every claim is directly supported by the retrieved context from dr_2017-10-31, ms. 15, which is also the exact sitting and page cited in the golden reference.

Qwen/Qwen3.5-397B-A17B: The answer directly restates the retrieved Hansard passage (dr_2017-10-31, ms. 15): RM500 to 805 heads of household displaced to relief centres during the 21–28 September 2017 Perlis floods, disbursed via Kumpulan Wang Amanah Bantuan Bencana Negara, matching the golden answer on every checkable fact and citing the exact sitting and page.

moonshotai/Kimi-K2.6: The answer matches the golden answer exactly on all checkable facts (RM500, 805 KIR, 21–28 September 2017, Kumpulan Wang Amanah Bantuan Bencana Negara) and every claim is directly supported by the retrieved context from dr_2017-10-31, ms. 15, which is also the correct sitting and page cited.",""
"tp-0047","Sofia","dr_2026-03-02","20","What is PPKI?","Program Pendidikan Khas Integrasi","PPKI stands for Program Pendidikan Khas Integrasi (Special Education Integration Program). It is a program implemented in national schools and national-type schools for Murid Berkeperluan Pendidikan Khas (MBPK), or students with special education needs. Students in PPKI follow the existing curriculum, namely the Standard Curriculum for Primary Schools (KSSR) and the Standard Curriculum for Primary Schools Special Education (KSSRPK). PPKI classes are conducted mainly in Bahasa Melayu, and the Ministry of Education expands these classes yearly across national and national-type schools.","[1] dr_2026-03-02 p.20: , Murid Berkeperluan Pendidikan Khas yang mengikuti Program Pendidikan Khas Integrasi ataupun PPKI di sekolah kebangsaan dan sekolah jenis kebangsaan mengikuti kurikulum sedia ada iaitu kurikulum standard sekolah rendah dan juga kurikulum standard sekolah rendah pendidikan khas. Manakala, pengajaran dan pembelajaran MBPK (Murid Berkeperluan Pendidikan Khas) di Program<tbc

[2] dr_2026-03-02 p.22: g itu hakikat yang berlaku di Daerah Seremban yang di kawasan saya. Jadi, ada tak apa-apa perancangan ataupun ada perencanaan khusus daripada KPM untuk membantu membuka lebih banyak kelas PPKI?

Sebab ada keperluan yang bagi saya mendesak sebab anak-anak dalam keadaan macam ini kalau kita letak di kelas perdana pun tak menguntungkan siapa- siapa. Tapi kalau letak di kelas PPKI, ia boleh membantu dan sesuatu yang bagi saya sangat bersesuaian dengan dasar pendidikan kita supaya _zero reject_ untuk anak-anak kita. Terima kasih kepada Dato’ Yang di-Pertua.

**Tuan Syahredzan bin Johan [Bangi]:** Y

[3] dr_2026-03-02 p.20: kita mengambil veteran angkatan tentera ini kita boleh menjimatkan sehingga enam bulan itu dan dia boleh berikan satu yang baik untuk masa depan kita dan juga masa depan negara kita. Itu sahaja.

**Tuan Syahredzan bin Johan [Bangi]:** Terima kasih Yang Berhormat Menteri. Seterusnya, saya jemput Tuan Cha Kee Chin, Rasah.

**Tuan Cha Kee Chin [Rasah]:** Terima kasih Tuan Yang di-Pertua, soalan saya soalan 7.

7. **Tuan Cha Kee Chin [Rasah]** minta Menteri Pendidikan menyatakan kurikulum yang diguna pakai untuk PPKI dan apakah rancangan kementerian untuk memperkasakan Murid Berkeperluan Pendidika

[4] dr_2026-03-02 p.22: DR. 2.3.2026 22

**Tuan Cha Kee Chin [Rasah]:** Terima kasih kepada Yang Berhormat Tuan Yang di-Pertua, terima kasih kepada Yang Berhormat Timbalan Menteri KPM yang telah memberikan satu jawapan yang saya rasa sangat bermakna khasnya untuk mereka yang terlibat di SJK(C) dan SJK(T).

Memang saya angap ini sebagai pengumuman yang dinanti-nantikan oleh warga pendidik dan juga ibu bapa yang ada anak termasuk saya, di kelas PPKI di SJK(C). Terima kasih Yang Berhormat Timbalan Menteri.

Cuma, saya nak sebut secara berkenaan dengan kelas PPKI. Di Daerah Seremban, data yang saya dapati adalah 27 darip

[5] dr_2026-03-02 p.23: hun 2024, kurang sikit, 449. Tahun 2025, sebanyak 829 orang guru dan pada tahun ini, tahun 2026, pihak KPM dalam usaha untuk memperkasakan pendidikan khas. Kita akan menggerakkan lagi dan melantik 533 orang guru pendidikan khas yang sebelum ini diklasifikasikan ataupun dikategorikan sebagai calon simpanan bagi pendidikan khas oleh Suruhanjaya Perkhidmatan Pendidikan. Kita akan gerakkan dan tempatkan 533 orang ini supaya dia dapat ditempatkan ke sekolah masing-masing.

Namun, ada cabaran juga untuk kelas-kelas PPKI di SJK(C) yang mana kita masih dalam usaha untuk memastikan kita dapat satu tale","5","5","5","5","Sofia","","5","5","5","5","","3","zai-org/GLM-5.2: The answer correctly expands PPKI as Program Pendidikan Khas Integrasi, matching the golden answer, and every claim (implementation in national/national-type schools, MBPK, KSSR and KSSRPK curriculum) is directly supported by the retrieved context at dr_2026-03-02 ms. 20, which is the exact sitting and page cited in the golden reference.

Qwen/Qwen3.5-397B-A17B: The answer correctly identifies PPKI as Program Pendidikan Khas Integrasi, matching the golden answer, and all claims are directly supported by the retrieved context from dr_2026-03-02, ms. 20.

moonshotai/Kimi-K2.6: The answer correctly expands PPKI as Program Pendidikan Khas Integrasi, matching the golden answer, and every claim (national/national-type schools, MBPK, KSSR/KSSRPK curriculum, BM medium, yearly expansion) is directly supported by the retrieved Hansard context from dr_2026-03-02, ms. 20.",""
"tp-0001","Sofia","dr_2026-06-22","3","Who resigned as a Member of the Dewan Rakyat on 18 May 2026?","Yang Berhormat bagi kawasan Pandan dan Setiawangsa","No resignation of a Dewan Rakyat member on 18 May 2026 is recorded.","[1] dn_2026-02-26 p.0: DN 26.2.2026 iv

## DEWAN NEGARA

**Ketua Pentadbir Parlimen**

Dato’ Dr. Ahmad Husaini bin Abdul Rahman

**Setiausaha Dewan Negara**

Muhd Sujairi bin Abdullah

**Setiausaha Bahagian (Pengurusan Dewan)**

Adlina Aisyah binti Ahmad Rusli

**PETUGAS-PETUGAS CAWANGAN PENYATA RASMI _(HANSARD)_**

Monarita binti Mohd Hassan <br>
Rosna binti Bujairomi @Bijirani <br>
Memi Asdora binti Yusoff

Emilda binti Md Yusop <br>
Noraidah binti Manaf <br>
Siti Norlina binti Ahmad <br>
Nor Hamizah binti Haji Hassan

Nor Faraliza binti Murad @Nordin Ali <br>
Sharifah Nor Asilah binti Syed Basir <br>
Nik Nor Ashi

[2] dn_2026-07-20 p.8: R. 14/2026) Rang Undang-undang Profesion Kerja Sosial 2026;

(ix) (D.R. 18/2026) Rang Undang-undang Komunikasi dan Multimedia (Pindaan) 2026;

(x) (D.R. 19/2026) Rang Undang-undang Suruhanjaya Komunikasi dan Multimedia Malaysia (Pindaan) 2026;

(xi) (D.R. 22/2026) Rang Undang-undang Kumpulan Wang Amanah Negara 2026, dan;

(xii) (D.R. 21/2026) Rang Undang-undang Statistik 2026.

Yang ikhlas,

t.t

YANG DI-PERTUA DEWAN RAKYAT""

[3] dn_2026-07-20 p.0: DN 20.7.2026 iv

## DEWAN NEGARA

**Ketua Pentadbir Parlimen**

Dato’ Dr. Ahmad Husaini bin Abdul Rahman

**Setiausaha Dewan Negara**

Muhd Sujairi bin Abdullah

**Setiausaha Bahagian (Pengurusan Dewan)**

Adlina Aisyah binti Ahmad Rusli

**PETUGAS-PETUGAS CAWANGAN PENYATA RASMI _(HANSARD)_**

Monarita binti Mohd Hassan<br> Rosna binti Bujairomi @Bijirani<br> Memi Asdora binti Yusoff

Emilda binti Md Yusop<br> Noraidah binti Manaf<br> Siti Norlina binti Ahmad<br> Nor Hamizah binti Haji Hassan

Nor Faraliza binti Murad @Nordin Alli<br> Sharifah Nor Asilah binti Syed Basir<br> Nik Nor Ashkin bin

[4] dr_2026-03-02 p.-4: DR. 2.3.2026 i

**KEHADIRAN AHLI-AHLI PARLIMEN 2 MAC 2026**

**Ahli-Ahli Yang Hadir:**

1. Yang di-Pertua Dewan Rakyat, Tan Sri Dato’ Dr. Johari bin Abdul

2. Perdana Menteri dan Menteri Kewangan, Dato’ Seri Anwar bin Ibrahim (Tambun)

3. Timbalan Perdana Menteri dan Menteri Kemajuan Desa dan Wilayah, Dato’ Seri Dr. Ahmad Zahid bin Hamidi (Bagan Datuk)

4. Timbalan Perdana Menteri dan Menteri Peralihan Tenaga dan Transformasi Air, Dato’ Amar Haji Fadillah bin Yusof (Petra Jaya)

5. Menteri Pengangkutan, Tuan Loke Siew Fook (Seremban)

6. Menteri Pertanian dan Keterjaminan Makanan, Datuk Seri H

[5] dr_2026-06-22 p.-4: DR. 22.6.2026 i

**KEHADIRAN AHLI-AHLI PARLIMEN 22 JUN 2026**

**Ahli-Ahli Yang Hadir:**

1. Yang di-Pertua Dewan Rakyat, Tan Sri Dato’ Dr. Johari bin Abdul

2. Timbalan Perdana Menteri dan Menteri Kemajuan Desa dan Wilayah, Dato’ Seri Dr. Ahmad Zahid bin Hamidi (Bagan Datuk)

3. Timbalan Perdana Menteri dan Menteri Peralihan Tenaga dan Transformasi Air, Dato’ Amar Haji Fadillah bin Yusof (Petra Jaya)

4. Menteri Pengangkutan, Tuan Loke Siew Fook (Seremban)

5. Menteri Sains, Teknologi dan Inovasi, Datuk Chang Lih Kang (Tanjong Malim)

6. Menteri Komunikasi, Datuk Ahmad Fahmi bin Mohamed Fadzi","3","1","1","1","Sofia","","5","1","1","1","","3","zai-org/GLM-5.2: The golden answer states the MPs for Pandan and Setiawangsa resigned on 18 May 2026 (per dr_2026-06-22, ms. 3), but the system's answer denies any resignation occurred, directly contradicting the golden answer. The retrieved context does not contain the relevant page (ms. 3) and the system cited no usable source for its claim, so citation accuracy is also minimal.

Qwen/Qwen3.5-397B-A17B: The golden answer states that the MPs for Pandan and Setiawangsa resigned on 18 May 2026, but the system answer denies any resignation occurred, directly contradicting the golden answer. The retrieved context does not contain the relevant passage (dr_2026-06-22, ms. 3) about the resignations, and the system cited no usable source for its claim, so correctness, completeness and citation accuracy are at the minimum.

moonshotai/Kimi-K2.6: The golden answer states that the members for Pandan and Setiawangsa resigned on 18 May 2026, but the system's answer denies any such resignation occurred. This directly contradicts the golden answer on the core fact of the question, making correctness and completeness both score 1. The system's answer is faithful to its retrieved context (which does not mention any resignation), but since the retrieved context is largely irrelevant (staff lists, attendance lists, bill lists), it fails to support or refute the golden answer's claim. No usable citation is provided for the actual answer about the resignation.",""
"tp-0228","Syahir","kkdr_2026-07-14","9","Apakah jaminan Kementerian Kewangan bahawa kenaikan geran RM1.5 bilion tidak menjejaskan peruntukan tahunan Sabah?","Kementerian Kewangan memberi jaminan tegas bahawa peningkatan pemberian khas RM1.5 bilion adalah peruntukan tambahan tersendiri dan sama sekali tidak akan mengurangkan siling perbelanjaan operasi mahupun peruntukan belanjawan pembangunan persekutuan sedia ada bagi negeri Sabah.","Rekod berakhir sebelum jaminan Menteri dinyatakan. Yang direkodkan hanyalah kebimbangan yang dikemukakan oleh YB. Puan Isnaraissah Munirah binti Majilis @ Fakharudy (Kota Belud) bahawa pemberian interim RM1.5 billion ini akan mengurangkan siling peruntukan operasi dan pembangunan untuk Sabah dalam Belanjawan Tahunan Persekutuan, serta kebimbangan rakyat Sabah bahawa geran khas ini akan dijadikan alasan untuk mengurangkan peruntukan di bawah kementerian lain di Sabah.","[1] kkdr_2026-07-14 p.7: i sepenuhnya mematuhi keputusan mahkamah?

Soalan kedua saya, bagaimanakah angka RM1.5 billion ini diperolehi? Apakah formula khusus dan parameter ekonomi yang digunakan oleh Kementerian Kewangan? Begitu juga dengan pembayaran interim sebelum- sebelum ini, apakah asas formula sandarannya? Adakah jumlah ini dihitung berdasarkan data kutipan bersih hasil Persekutuan di Sabah atau sekadar angka kompromi politik secara rawak. Terakhir dalam bab ini, bilakah RM1.5 billion ini akan dibayar kepada Sabah oleh Kerajaan Persekutuan?

Soalan ketiga saya, adakah pemberian interim RM1.5 billion ini akan me

[2] kkdr_2026-07-14 p.10: RM1.5 billion ini ditetapkan. Adakah jumlah tersebut merupakan bayaran bagi satu tahun kewangan, berapa tahun kewangan atau sehingga suatu semakan baharu dibuat? Di sampling itu, adakah kerajaan bersedia menerbitkan metodologi penuh pengiraan tersebut termasuk parameter ekonomi, data fiskal, andaian serta kaedah pengiraan yang digunakan supaya proses penentuan geran khas dapat dinilai secara telus oleh Parlimen, kerajaan Sabah dan juga rakyat Sabah?

Selain itu, adakah kerajaan bercadang untuk mewujudkan suatu mekanisme yang tetap dan berkala bagi geran khas Sabah supaya kadar geran khas pada 

[3] kkdr_2026-07-14 p.7: KKDR.14.7.2026 7

# KENAIKAN BAYARAN GERAN KHAS SABAH KEPADA RM1.5 BILION, PROSEDUR DAN TATACARA PEMBAYARAN DAN PERKARA 112C PERLEMBAGAAN PERSEKUTUAN

**2.55 ptg.**

**Puan Isnaraissah Munirah binti Majilis @ Fakharudy [Kota Belud]:** Tuan Yang di-Pertua, usul saya pada hari ini adalah untuk membangkitkan mengenai keputusan terbaharu Kerajaan Persekutuan untuk meningkatkan pembayaran geran khas Sabah di bawah Perkara 112D sebanyak RM1.5 billion dan hak Sabah di bawah perkara 112C Perlembagaan Persekutuan.

Isu ini adalah mustahak memandangkan Mahkamah Tinggi Kota Kinabalu pada 17 Oktober 2025 

[4] kkdr_2026-07-14 p.10: 5 yang membatalkan perintah semakan sebelum ini, adakah Kementerian Kewangan telah merujuk kepada Jabatan Peguam Negara (AGC) dan Peguam Besar Sabah bagi memastikan mekanisme pembayaran RM1.5 billion yang baharu ini mempunyai punca kuasa perundangan yang _court proof_? Saya juga ingin tahu adakah perintah semakan yang baharu akan menyatakan dengan jelas bahawa kadar RM1.5 billion tersebut hanyalah satu bayaran interim sementara menunggu semakan berikutnya mengikut Perkara 112D Perlembagaan Persekutuan supaya tidak timbul sebarang kekeliruan mengenai tempoh kuat kuasa atau sifat pembayaran ters

[5] kkdr_2026-07-14 p.0: K A N D U N G A N

UCAPAN DI BAWAH USUL BERKENAAN PERKARA TADBIR KERAJAAN [P.M. 17]:

• Keperluan Segera Transformasi Urusan Pilihan Raya, Penguatkuasaan Tegas Larangan Telefon Bimbit dan Hak Undi Pos Merentas Wilayah Dalam Malaysia

_-YB. Puan Isnaraissah Munirah binti Majilis @ Fakharudy (Kota Belud)_

• Kenaikan Bayaran Geran Khas Sabah Kepada RM1.5 Bilion, Prosedur dan Tatacara Pembayaran dan Perkara 112C Perlembagaan

_-YB. Puan Isnaraissah Munirah binti Majilis @ Fakharudy (Kota Belud)_

• Kekalkan Peruntukan RM70 Juta Program Perkhidmatan Tanah Adat Negeri Sabah (PANTAS)

_-YB. Datuk Se","1","1","1","1","Sofia","","5","1","1","3","","3","zai-org/GLM-5.2: The system's answer is faithful to the retrieved context (which indeed ends with '<tbc' before the Minister's guarantee is stated) and cites the correct sitting, but it fails to provide the actual guarantee content found in the golden answer on page 9, making it substantially incomplete and incorrect compared to the golden answer. The citation points to pages 7, 10, and 0 rather than the golden reference page 9, though it is at least the correct sitting.

Qwen/Qwen3.5-397B-A17B: The system's answer is faithful to the retrieved context (which indeed ends with '<tbc' before the Minister's guarantee is recorded) but fails to provide the actual guarantee stated in the golden answer, making it incorrect and incomplete. The citations point to the correct sitting but not the specific page (ms. 9) where the guarantee is found.

moonshotai/Kimi-K2.6: The system answer claims the record ends before the Minister's assurance is stated, but the golden answer shows the Ministry of Finance gave a firm guarantee that the RM1.5 billion is an additional allocation that will not reduce Sabah's existing operating or development provisions, so the answer contradicts the golden answer and leaves the question essentially unanswered; the cited sources point to the correct sitting but not the golden reference page ms. 9.",""
"tp-0257","Syahir","kkdr_2026-07-15","8","Apakah skop kajian 'Struktur Pampasan Yang Adil Bagi Pekerja Gig Di Malaysia' dan bilakah ia dimuktamadkan?","Kajian merangkumi penetapan kadar pendapatan minimum (floor earnings), formula pengiraan komisen serta standard minimum pekerja gig berasaskan platform dan bukan platform, yang dijangka siap pada September 2026 sebelum diangkat kepada MPGig dan diwartakan melalui Perintah Menteri.","Skop kajian meliputi penetapan kadar pendapatan minimum, _floor earnings_, pembangunan formula pengiraan dan penetapan standard minimum bagi pekerja gig berasaskan platform dan bukan penyedia platform. Kajian ini dijangka siap pada bulan September 2026 dan akan dibentang kepada MPGig untuk diperhalusi.","[1] kkdr_2026-07-15 p.8: 8 KKDR.15.7.2026

<tbc>MPGig, persatuan-persatuan yang mewakili pekerja gig yang dilantik menjadi anggota majlis boleh berunding, memberi idea serta memperjuangkan hak-hak pekerja gig termasuk isu komisen dan kadar tambang.

Untuk makluman Dewan yang mulia, berkaitan cadangan mengkaji semula kadar tambang minimum agar selaras dengan peningkatan kos sara hidup dan kos operasi semasa, satu kajian bertajuk Struktur Pampasan Yang Adil Bagi Pekerja Gig Di Malaysia sedang dijalankan. Skop kajian ini meliputi penetapan kadar pendapatan minimum, floor earnings, pembangunan formula pengiraan dan peneta

[2] kkdr_2026-07-15 p.9: di Malaysia_ sedang dijalankan mengambil kira input dan pandangan pemegang taruh _stakeholder_ di Sabah. Betul itu soalan dia Yang Berhormat? Dalam menjalankan kajian bertajuk struktur pampasan yang adil bagi pekerja gig di Malaysia, pihak perunding telah menjalankan sesi libat urus di seluruh Malaysia. Sesi ini telah melibatkan pelbagai pemegang taruh yang terdiri daripada pekerja gig daripada pelbagai platform dan bukan platform, entiti kontrak majikan, persatuan pekerja gig, kementerian-kementerian serta agensi yang berkaitan.

Bagi Sabah, sesi libat urus telah diadakan secara fizikal di Ko

[3] kkdr_2026-07-15 p.9: ganteng._

Sekiranya entiti kontrak majikan mengubah terma kontrak tanpa persetujuan pekerja gig yang merupakan satu pertikaian kerana ia telah melanggar hak pekerja sebagaimana yang dinyatakan di bawah perenggan 8(1)(F). 8(1)(F) Akta Pekerja Gig 2025 [_Akta 872_]. Ini termasuklah perubahan kadar lantai, kadar komisen dan lain-lain lagi. Pekerja gig hendaklah membuat aduan melalui mekanisme kilanan dalaman yang terdapat di syarikat dan sekiranya pertikaian tidak selesai, pekerja gig boleh membuat aduan terus kepada pihak KESUMA melalui sistem eAduan yang boleh diakses secara atas talian.

Adua

[4] kkdr_2026-07-15 p.9: KKDR.15.7.2026 9

<tbc>_Hitam-hitam si buah manggis;_

_Timbalan Menteri juga manis._

Soalan tambahan. Saya ingin mendapatkan pencerahan berkenaan tadi Timbalan Menteri ada menyatakan berkenaan dengan _contract of service_. Jadi, apakah hak pekerja gig sekiranya entiti kontrak kepada -- yang disediakan oleh majikan itu mengubah terma kontrak tanpa persetujuan pekerja tersebut. Pertama.

Yang kedua, adakah pihak perunding bagi kajian bertajuk _Struktur Pampasan Yang Adil Bagi Pekerja Gig di Malaysia_ sedang dijalankan mengambil kira input dan juga pandangan pemegang taruh atau _stakeholder_ di","5","5","5","5","Sofia","","5","5","4","5","","3","zai-org/GLM-5.2: The answer accurately reflects the retrieved context on the scope of the study (minimum income floor, commission calculation formula, minimum standards for platform and non-platform gig workers) and the September 2026 completion date, matching the golden answer. The only minor omission is the detail about the study being presented to MPGig and gazetted via Ministerial Order, which is a secondary detail; the citation correctly points to the same sitting and page as the golden reference.

Qwen/Qwen3.5-397B-A17B: The answer faithfully reproduces the scope (floor earnings, commission calculation formula, minimum standards for platform and non-platform gig workers) and the September 2026 completion date from the retrieved context, matching the golden answer. It omits only the minor detail about subsequent presentation to MPGig and gazettement via Ministerial Order, which slightly reduces completeness but does not affect faithfulness or correctness.

moonshotai/Kimi-K2.6: The answer faithfully reproduces the scope (floor earnings, commission calculation formula, minimum standards for platform and non-platform gig workers) and the September 2026 completion date, all directly supported by the retrieved context at kkdr_2026-07-15, ms. 8. The only minor omission is the detail about subsequent presentation to MPGig and gazettement via Ministerial Order, which is a secondary procedural point not central to the question's two parts (scope and completion date).",""
"tp-0281","Syahir","kkdr_2026-07-16","6","Mengapakah KKR belum melaksanakan projek jejambat atau jalan pintas baharu di Laluan Persekutuan Keningau?","Semakan rasmi KKR mendapati tiada permohonan projek dikemukakan oleh Kerajaan Negeri Sabah melalui UPEN atau JKR Negeri di bawah Rolling Plan 1 dan 2 RMK13 bagi senarai keutamaan pembinaan jalan pintas/jejambat berkenaan.","Kerana tiada permohonan projek diterima daripada kerajaan negeri di bawah Rolling Plan 1, Rolling Plan 2 dan Rancangan Malaysia Ketiga Belas bagi pembinaan jalan alternatif, jalan pintas (bypass) dan jejambat di laluan tersebut. Selain itu, semakan kementerian mendapati tahap perkhidmatan jalan (LOS) di Laluan Persekutuan 500 adalah LOS A, iaitu masih mampu menampung trafik sedia ada.","[1] kkdr_2026-07-16 p.6: 6 KKDR.16.7.2026

<tbc>ini Yang Berhormat.  Saya juga sudah pergi ke pekan Keningau ini beberapa kali. Jadi saya tahulah apa yang disebut.

Bagi Laluan Persekutuan 500, berdasarkan data bancian lalu lintas 2025, tahap perkhidmatan jalan atau level of service (LOS) di Laluan Persekutuan 500 adalah LOS A. LOS ini ada A, B, C, D, E, F.  F itu yang fail, yang paling sibuk macam di Kuala Lumpur, itu F. Tetapi yang ini didapati bahawa LOS ini adalah A stesen banci yang kita gunakan ialah nama stesen banci adalah HR202 yang mana ia nya masih mampu menampung trafik sedia ada. Itu maksud LOS A.

Semaka

[2] kkdr_2026-07-16 p.2: 2 KKDR.16.7.2026

<tbc>adalah kurang daripada lima bulan walaupun dua lanjutan masa telah pun diberikan sehingga 12 November 2026. Jambatan tersebut telah putuskan jalan dan lalu lintas tidak boleh digunakan.

Ramai telah menuding jari kepada Ahli Parlimen iaitu saya mengenai masalah dan kelewatan kerja-kerja kontraktor yang dilantik oleh Kerajaan Pusat sedangkan pihak Kerajaan Persekutuan sendiri hanya berdiam diri dan tidak tampil untuk membuat kenyataan mengenai kelewatan terhadap projek-projek tersebut. Selaku Ahli Parlimen Keningau, saya telah membuat lawatan tidak kurang daripada dua kal

[3] kkdr_2026-07-16 p.8: 8 KKDR.16.7.2026

<tbc>Kemudian, ada lagi kerajaan negeri Sabah juga melaksanakan kajian Proposed Priority Roads Projects in Keningau di bawah pembiayaan Rancangan Malaysia Kedua Belas bagi mengenal pasti penyelesaian jangka panjang terhadap isu kesesakan lalu lintas di bandar Keningau. Kerajaan negeri telah meluluskan projek jalan bandar _relief_ ini dengan anggaran kos pembinaan kos siling yang diluluskan adalah RM30 juta. Itu satu lagi berita yang saya ingin kongsikan.

Projek-projek lain _Proposed Priority Roads Projects in Keningau_ tertakluk kepada kelulusan peruntukan dari semasa ke sem

[4] kkdr_2026-07-16 p.5: KKDR.16.7.2026 5

Antara cadangan-cadangan tambahan yang menyelesaikan atau sekurang-kurangnya mengurangkan kesesakan dan mengurangkan tempoh kesesakan adalah:

(i) membina jejambat pusingan U;

(ii) membuat persimpangan lampu trafik;

(iii) membina laluan jalan pintas alternatif (_bypass_); dan

(iv) membina jambatan kedua menyeberangi Sungai Pegalan.

Pembinaan jambatan kedua juga menyeberangi Sungai Pegalan ini akan mengurangkan jumlah kesesakan khasnya kenderaan berat yang melalui jalan raya dalam bandar Keningau ke arah Seberang, pekan Tulid, Sook dan daerah Pensiangan dan seterusnya ke K

[5] kkdr_2026-07-16 p.4: . Mudah-mudahan boleh menyokong tuntutan pampasan itulah.

Usul yang kedua ini adalah usul mengenai kesesakan lalu lintas yang begitu teruk sekali sehingga kesesakan memakan begitu berjam-jam di bandar Keningau yang berlarutan bertahun-tahun dan telah memberi kesan yang buruk kepada pengguna jalan raya serta penduduk bandar Keningau dan sekitarnya. Kesesakan buruk tersebut juga telah memberi kesan negatif kepada aktiviti-aktiviti harian termasuklah perniagaan dan menjejaskan ekonomi setempat.

Seterusnya, usul ini meminta peruntukan yang mencukupi dan tindakan yang wajar pada tahun ini atau ta","5","5","5","5","Sofia","","5","5","5","5","","3","zai-org/GLM-5.2: The answer directly cites the KKR finding that no project application was received from the state government under Rolling Plan 1 and 2 RMK13 for the bypass/bridge, matching the golden answer and the retrieved context from kkdr_2026-07-16, ms. 6.

Qwen/Qwen3.5-397B-A17B: The answer faithfully reproduces the core reason from ms. 6 (no project application received from the state government under Rolling Plan 1 and 2 RMK13) and adds the supported LOS A detail; it is complete on the main point though it omits the golden answer's mention of UPEN/JKR Negeri submission channel, and it cites the exact sitting and page (kkdr_2026-07-16, ms. 6).

moonshotai/Kimi-K2.6: The answer directly states that no project application was received from the state government under Rolling Plan 1, 2 and RMK13 for the bypass/bridge, which matches the golden answer and is supported by the retrieved context on page 6. The citation points to the correct sitting and page.",""
"tp-0324","Amirah","dn_2020-09-22","3","Bilakah program latihan atlet sepenuh masa bermula semasa PKPP diperkenalkan?","Bermula pada 5 Julai 2020.","5 Julai 2020.","[1] dn_2020-09-22 p.3: DN 22.9.2020 3

**Dato’ Sri Reezal Merican bin Naina Merican:** Untuk menjawab soalan Yang Berhormat Senator Tuan Alan, kementerian melalui Majlis Sukan Negara dengan kerjasama Institut Sukan Negara dan Persatuan Sukan Kebangsaan melaksanakan pelbagai program selaras dengan SOP MKN bagi memastikan prestasi dan kecergasan atlet tidak merudum akibat penularan wabak COVID-19.

Program-program latihan yang dijalankan dalam tempoh pelaksanaan perintah Kawalan Pergerakan secara keseluruhan ataupun PKP mahupun sewaktu PKPP adalah seperti berikut:

(i) modul latihan kendiri- _self-training module_ den

[2] dn_2020-09-22 p.3: masa PKPP diperkenalkan;

(iv) program latihan atlet secara keseluruhan di semua peringkat termasuk di peringkat negeri-negeri setelah berlakunya pembukaan sektor sukan dan rekreasi secara lebih menyeluruh terutama yang membabitkan kebenaran untuk penganjuran kejohanan dan pertandingan tempatan tanpa penonton yang berkuat kuasa 15 Ogos walaupun dalam tempoh PKPP lagi.

Untuk makluman Dewan yang mulia ini, walaupun atlet-atlet program MSN telah memulakan sesi latihan harian sepenuh masa namun mereka tidak dapat menyertai kejohanan-kejohanan antarabangsa yang telah dirancang sebelum ini disebabk

[3] dn_2020-09-22 p.3: ui Majlis Sukan Negara dengan kerjasama ISN dan Persatuan Sukan Kebangsaan telah mengambil pelbagai inisiatif bagi memastikan prestasi atlet dinilai dan ditingkatkan menerusi penganjuran-penganjuran kejohanan domestik yang dilakukan secara dalaman dan juga dilakukan secara simulasi.

Program-program latihan yang lain juga telah disusun semula menerusi bengkel perancangan program latihan 2020 ke 2022 bersama semua pemegang taruh seperti ISN dan juga Persatuan Sukan Kebangsaan yang pada waktu ini telah menunjukkan impak yang positif di kalangan atlet.

Tambahan daripada itu, Jawatankuasa Khas Pe

[4] dn_2020-09-22 p.16: walan Pergerakan (PKP), PKPB dan PKPP tiada sesi persekolahan dijalankan. Nyatakan langkah pihak kementerian yang telah diambil dalam membantu pelajar-pelajar di luar bandar sepanjang tempoh PKP kerana dimaklumkan bahawa tugasan sekolah anak-anak ini diberi melalui digital _(WhatsApp, Telegram)_ dan perlu menggunakan internet. Bagaimana dengan nasib anak- anak yang tiada kemudahan peranti mudah alih serta kemudahan internet sehingga menyebabkan mereka keciciran berbanding rakan-rakan mereka di bandar.

**Timbalan Menteri Pendidikan I [Dato’ Dr. Mah Hang Soon]:** Terima kasih Yang Berhormat Sen

[5] dn_2020-09-22 p.3: kemampuan dan peluang mereka di temasya Sukan Olimpik Tokyo nanti. Selain daripada itu, atlet-atlet negeri juga telah memulakan sesi latihan secara berperingkat bermula 15 Jun yang lalu selaras dengan pematuhan SOP MKN dan keputusan kerajaan negeri serta Majlis Sukan Negeri bagi menghadapi- antara kejohanan ialah Para SUKMA 8 Mac hingga 13 Mac 2021 dan SUKMA 2020 Johor pada tarikh 2 April hingga 10 April 2021. Terima kasih.

**Tuan Yang di-Pertua:** Soalan tambahan.

**Tuan Alan Ling Sie Kiong:** Terima kasih, Tuan Yang di-Pertua. Terima kasih atas jawapan yang diberikan oleh Menteri yang sudi","5","5","5","5","Sofia","","5","5","5","5","","3","zai-org/GLM-5.2: The answer '5 Julai 2020' is directly supported by the retrieved context (item iii: 'program latihan atlet sepenuh masa yang bermula pada 5 Julai 2020 semasa PKPP diperkenalkan') and matches the golden answer exactly. The citation dn_2020-09-22, ms. 3 is correct.

Qwen/Qwen3.5-397B-A17B: The answer '5 Julai 2020' is directly supported by the retrieved context (dn_2020-09-22, ms. 3, item iii) which states 'program latihan atlet sepenuh masa yang bermula pada 5 Julai 2020 semasa PKPP diperkenalkan', matching the golden answer exactly. The citation points to the correct sitting and page.

moonshotai/Kimi-K2.6: The answer '5 Julai 2020' is directly supported by the retrieved context (dn_2020-09-22, ms. 3), which states 'program latihan atlet sepenuh masa yang bermula pada 5 Julai 2020 semasa PKPP diperkenalkan'. It matches the golden answer exactly, fully answers the question, and cites the correct sitting and page.",""
"tp-0130","Amirah","dn_2026-03-02","11, 12","MPOB control harga TBS tak ah, and pekebun kecil dapat apa bantuan?","Tidak. KPK melalui MPOB tidak mengawal harga tandan buah segar dan harganya ditentukan berdasarkan permintaan pasaran. Bantuan: TSPKS 2.0 (50% geran 50% pinjaman), BUDI MADANI (RM200/bulan, 40,389 diluluskan), SKIDIC (RM1,000 diskuan cantas, 6,955 penerima), IPG getah (524,149 pekebun kecil).","MPOB tidak mengawal harga tandan buah segar. Harga ditentukan berdasarkan permintaan pasaran.

Bantuan kepada pekebun kecil sawit:

1. **TSPKS 2.0** – Skim Insentif Pembiayaan Tanam Semula Pekebun Kecil Sawit 2.0, untuk penebangan pokok tua melebihi 25 tahun dan tanam semula dengan bahan tanaman berkualiti seperti PS1.1. Dilaksanakan secara hibrid (50% geran, 50% pinjaman). Kos tanaman semula RM14,000 sehektar di Semenanjung dan RM18,000 sehektar di Sabah dan Sarawak.

2. **BUDI MADANI** – Bantuan tunai bulanan RM200 kepada pekebun kecil persendirian sawit yang layak. Seramai 40,389 pemohon diluluskan setakat 31 Januari 2026.

3. **SKIDIC** – Skim Diskaun Cantas, diskaun RM1,000 bagi setiap pembelian cantas hasil teknologi MPOB. Seramai 6,955 penerima telah mendapat manfaat.

4. **Insentif MSPO** – Membiayai sepenuhnya aktiviti pensijilan MSPO termasuk yuran pengauditan, PPE dan penyimpanan bahan kimia.","[1] dn_2026-03-02 p.13: n hasil melalui penggantian pokok yang tidak
produktif, tapi ada mekanisme pemantauan pelaksanaan ini, kita merekodkan pengeluaran
hasil TBS bagi pekebun selepas tiga tahun pelaksanaan aktiviti tanam semula sawit dan
bayaran semula hanya dilaksanakan pada tahun keempat.

Dan melalui— ada satu program saya nak kongsikan. Antara inisiatif utama adalah
insentif MSPO yang membiayai sepenuhnya aktiviti pensijilan MSPO itu termasuklah yuran
pengauditan, PPE, penyimpanan bahan kimia. Dan melalui pensijilan ini, pekebun kecil
sebenarnya didedahkan kepada amalan pertanian baik dan pengurusan kebun mamp

[2] dn_2026-03-02 p.11: tua:** Dipersilakan Yang Berhormat Senator Tuan Micheal Mujah.

**Tuan Michael Mujah Lihan:** Terima kasih Dato’ Yang di-Pertua, soalan saya nombor 4.

4. **Tuan Michael Mujah Lihan** minta Menteri Perladangan dan Komoditi menyatakan, langkah terkini yang diambil oleh kementerian bagi menstabilkan harga komoditi utama negara khususnya kelapa sawit dan getah bagi memastikan pendapatan pekebun kecil tidak terjejas akibat turun naik harga pasaran global.

**Tuan Yang di-Pertua:** Menteri baharu ini.

**Menteri Perladangan dan Komoditi [Datuk Seri Dr. Noraini binti Ahmad]:** _Bismillahirrahmanirra

[3] dn_2026-03-02 p.11: dak mengawal harga tandan buah segar dan harganya ditentukan berdasarkan permintaan dari pasaran. Namun begitu, KPK sentiasa berusaha untuk memastikan nasib pekebun kecil sawit sentiasa terbela dengan mengambil langkah-langkah strategik seperti berikut.

Pertama Skim Insentif Pembiayaan Tanam Semula Pekebun Kecil Sawit 2.0 (TSPKS 2.0). Skim ini disediakan untuk meringankan beban kewangan pekebun kecil persendirian sawit dan program TSPKS 2.0 memfokuskan kepada aktiviti penanaman semula sawit iaitu penebangan pokok sawit yang tua melebihi 25 tahun dan tidak lagi produktif dengan bahan tanaman s

[4] dn_2026-03-02 p.12: DN 2.3.2026 12

<tbc>tanaman semula adalah sebanyak RM14,000 sehektar di Semenanjung dan RM18,000 per hektar di Sabah dan Sarawak.

Kedua, Program Bantuan Subsidi MADANI ataupun BUDI MADANI. Kerajaan turut memperkenalkan program BUDI MADANI bagi meringankan beban kos operasi susulan kenaikan harga diesel. Melalui program ini, bantuan tunai bulanan sebanyak RM200 disalurkan kepada pekebun kecil persendirian sawit yang layak. Seramai 40,389 PKP yang memohon untuk program ini telah diluluskan setakat 31 Januari 2026.

Ketiga, Skim Diskaun Cantas ataupun SKIDIC. PKP juga layak menerima bantuan, me

[5] dn_2019-05-06 p.32: n keseluruhan pendapatan mencapai RM4,000 sebulan sekeluarga pada tahun 2020.

Tuan Yang di-Pertua, Yang Berhormat Datuk Abdul Ghani bin Mohamed Yassin.

Laksamana Pertama Haji Mohammad Imran (B) bin Abd. Hamid: Tuan Yang di-Pertua, terima kasih atas jawapan Yang Berhormat Menteri. Soalan saya, sama ada pendekatan kerajaan ini bolehkah dicapai untuk pekebun kecil mendapat pendapatan RM4,000 sebulan memandangkan harga getah terus menurun. Terima kasih Tuan Yang di-Pertua.

Dr. Mohd Radzi bin Md Jidin: Terima kasih Yang Berhormat Laksamana Pertama Haji Mohammad Imran (B) bin Abd. Hamid. Itulah a","5","5","5","4","Sofia","","5","5","4","3","","3","zai-org/GLM-5.2: Semua fakta dalam jawapan (TSPKS 2.0, BUDI MADANI, SKIDIC, Insentif MSPO) disokong terus oleh konteks yang diperoleh dan sepadan dengan jawapan emas, tetapi jawapan tidak menyebut bantuan getah (IPG 524,149 pekebun kecil) yang diliputi oleh jawapan emas, dan petikan merangkumi ms. 13 yang bukan sebahagian daripada rujukan emas (ms. 11, 12) serta sumber tidak berkaitan dari 2019 dan 2017.

Qwen/Qwen3.5-397B-A17B: Jawapan sistem menyokong setiap fakta dengan petikan yang tepat daripada Hansard 2 Mac 2026 (ms. 11-13), sepadan dengan rujukan emas ms. 11-12, dan meliputi semua elemen jawapan emas (TSPKS 2.0, BUDI MADANI, SKIDIC, IPG) dengan nombor yang tepat. Skor citation_accuracy 3 kerana petikan merangkumi ms. 13 yang tidak dinyatakan dalam rujukan emas, walaupun ia masih daripada sidang yang sama dan menyokong kandungan jawapan.

moonshotai/Kimi-K2.6: All factual claims (MPOB not controlling TBS prices, TSPKS 2.0 hybrid 50/50, BUDI MADANI RM200/month with 40,389 approved, SKIDIC RM1,000 discount with 6,955 recipients) are directly supported by the retrieved context and match the golden answer. The answer omits the rubber-side IPG figure (524,149 pekebun kecil) that the golden answer includes, and cites an extra page (ms. 13) beyond the golden reference pages (ms. 11, 12), though the core pages are correct.",""
"tp-0146","Amirah","dn_2026-07-20","15","Bilakah projek SJKT Sungai Bakap dijangka siap sepenuhnya?","Suku keempat tahun 2027.","Surat setuju terima dijangka pada minggu ketiga Ogos 2026, selepas iklan tender dikeluarkan pada 14 Jun 2026. Tarikh siap sepenuhnya projek tidak dinyatakan.","[1] dn_2026-07-20 p.15: DN 20.7.2026 15

<tbc>kewangan serta pertikaian yang melibatkan aspek perundangan. Dari aspek kewangan walaupun pihak Lembaga Pengelola Sekolah telah menerima peruntukan khas secara one- off dengan izin, sebanyak RM3.5 juta daripada Kerajaan Persekutuan pada tahun 2015 bagi tujuan pembinaan bangunan gantian penuh sekolah, projek tersebut tidak disiapkan mengikut tempoh yang ditetapkan.

Keadaan ini telah menyebabkan projek terbengkalai dan seterusnya menimbulkan tuntutan berkaitan liabiliti kewangan. Antara pihak-pihak yang terlibat yang kemudiannya membawa kepada prosiding mahkamah termasuk p

[2] dn_2026-07-20 p.14: i mampu direalisasi._

Soalan saya nombor 2.

## 2. Dr. Lingeshwaran a/l Dato’ Seri R. Arunasalam minta Menteri Pendidikan menyatakan:

(a) status terkini projek pembinaan bangunan baharu SJKT Sungai Bakap yang tertangguh sejak 2015, termasuk puncta kegagalan penyelesaian isu tanah, hutang dan kes mahkamah; dan

(b) jelaskan tindakan tegas kerajaan dan tarikh muktamad mula dan siap pembinaan projek tersebut secara terperinci.

**Menteri Pendidikan [Puan Fadhlina Sidek]:** Terima Kasih Dato Yang di-Pertua.

_Pat pat siku lipat;_ <br>
_KPM akan jawab dengan tepat._

Terima kasih Tuan Yang di-Per

[3] dn_2026-07-20 p.14: DN 20.7.2026 14

<tbc>dunia itu penentu dalam semua bidang, tetapi dalam urus perniagaan, ramai Ahli-ahli Yang Berhormat berpengalaman dalam pelaburan tentunya tidak boleh terjamin kita sukses dalam semua bidang pelaburan.

Ada kemungkinan kita akan mengalami sedikit kerugian, tetapi yang saya hendak tekankan di sini yang kita tidak boleh tolak ansur ialah sekiranya ada penyelewengan ataupun rasuah. Sebab itu walaupun kita berpendapat sedemikian, SPRM harus juga melihat dan proses pelaburan dan keputusan dibuat oleh Panel Pelaburan dan akhirnya yang dipersetujui oleh Lembaga. Terima kasih.

**

[4] dn_2026-07-20 p.14: Jenis Kebangsaan Tamil Sungai Bakap, Pulau Pinang di Lot 1009 Bahagian Plot A yang merupakan tapak pegangan Pesuruhjaya Tanah Persekutuan. Kebetulan Yang Berhormat dan Dato Yang di- Pertua, ini adalah di kawasan Parlimen saya. Jadi apa pun yang berlaku, apa pun cabaran Yang Berhormat, kita akan tetap pastikan sekolah ini akan tertegak untuk anak-anak kita.

Pembinaan bangunan gantian penuh SJKT Sungai Bakap telah tertangguh sejak tahun 2015 berpunca daripada beberapa isu berkaitan pelaksanaan projek, kekangan<tbc

[5] kkdr_2026-07-16 p.3: KKDR.16.7.2026 3

<tbc>Berdasarkan kemajuan tersebut, projek ini kini disasarkan siap pada Ogos 2026. KKDW juga ingin menjelaskan bahawa projek ini bukan merupakan projek terbengkalai sebagaimana yang didakwa. Sebaliknya, kerja-kerja pembinaan masih diteruskan di tapak dan kini berada di peringkat akhir pelaksanaan.

Kementerian mengambil maklum bahawa kelewatan ini telah menimbulkan keresahan dalam kalangan penduduk serta pelbagai persepsi di media sosial. Justeru, KKDW sentiasa memastikan pemantauan rapi dilaksanakan bersama Jabatan Kerja Raya Negeri Sabah bagi mempercepatkan penyiapan proje","1","1","1","5","Sofia","","5","1","1","5","","3","zai-org/GLM-5.2: The system's answer is faithful to the retrieved context (tender ad on 14 Jun 2026, letter of acceptance expected third week of Aug 2026, completion date not stated in the retrieved excerpts) and cites the correct sitting and page (dn_2026-07-20, ms. 15). However, it directly contradicts the golden answer, which states the project is expected to be fully completed in Q4 2027 — a fact the system failed to find, making it both incorrect and incomplete on the core question.

Qwen/Qwen3.5-397B-A17B: The answer is faithful to the retrieved context and cites the correct sitting/page, but it fails to answer the question: the golden answer gives the completion date as Q4 2027, which the system omitted, stating instead that no completion date was stated.

moonshotai/Kimi-K2.6: The answer is faithful to the retrieved context and cites the correct sitting and page, but it fails to answer the question by stating the completion date is not mentioned, whereas the golden answer gives Q4 2027, so correctness and completeness are both 1.",""
"tp-0194","Amirah","dn_2026-08-04","26","Apakah akta yang melindungi pekerja gig di Malaysia?","Akta Pekerja Gig 2025 (Akta 872).","Akta Pekerja Gig 2025 [Akta 872] melindungi pekerja gig di Malaysia. Di bawah Bahagian IX akta tersebut, peruntukan disediakan bagi melindungi pekerja gig dari sudut keselamatan pekerjaan. Selain itu, pekerja gig juga dilindungi di bawah Akta Keselamatan Sosial Pekerjaan Sendiri 2017 [Akta 789] atau Skim Lindung Kendiri.","[1] dn_2026-08-04 p.26: i melindungi pekerja gig wanita daripada risiko gangguan seksual, keganasan dan isu keselamatan ketika bekerja terutama bagi penghantar dan juga pemandu _e-hailing?_ Terima kasih.

**Datuk Khairul Firdaus bin Akbar Khan:** Terima kasih Yang Berhormat Senator. Memang ada asas di atas persoalan yang dibangkitkan tadi. Setakat ini, kita akan menggunakan garis panduan Akta Pekerja Gig 2025 [_Akta 872_]. Di bawah Bahagian IX menyediakan peruntukan bagi melindungi pekerja gig dari sudut keselamatan pekerjaan. Di bawah bahagian tersebut, Ketua Pengarah Keselamatan Pekerjaan (KPKP) diberi kuasa untuk 

[2] kkdr_2026-07-15 p.8: 8 KKDR.15.7.2026

<tbc>MPGig, persatuan-persatuan yang mewakili pekerja gig yang dilantik menjadi anggota majlis boleh berunding, memberi idea serta memperjuangkan hak-hak pekerja gig termasuk isu komisen dan kadar tambang.

Untuk makluman Dewan yang mulia, berkaitan cadangan mengkaji semula kadar tambang minimum agar selaras dengan peningkatan kos sara hidup dan kos operasi semasa, satu kajian bertajuk Struktur Pampasan Yang Adil Bagi Pekerja Gig Di Malaysia sedang dijalankan. Skop kajian ini meliputi penetapan kadar pendapatan minimum, floor earnings, pembangunan formula pengiraan dan peneta

[3] kkdr_2026-07-15 p.8: mekanisme perkongsian kos insurans dan perlindungan sosial antara syarikat platform dan pemandu e-hailing, Akta 872 telah memperuntukkan pekerja gig diwajibkan mencarum di bawah Akta Keselamatan Sosial Pekerjaan Sendiri 2017 [Akta 789] atau Skim Lindung Kendiri. Ini merupakan salah satu langkah proaktif kementerian dalam memastikan perlindungan sosial pekerja gig di kawasan luar bandar turut terbela. Skim ini merupakan perlindungan insurans kesihatan kepada mereka daripada bencana pekerjaan sendiri termasuk penyakit pekerjaan dan kemalangan perjalanan sewaktu menjalankan aktiviti pekerjaan sen

[4] kkdr_2026-07-15 p.9: ganteng._

Sekiranya entiti kontrak majikan mengubah terma kontrak tanpa persetujuan pekerja gig yang merupakan satu pertikaian kerana ia telah melanggar hak pekerja sebagaimana yang dinyatakan di bawah perenggan 8(1)(F). 8(1)(F) Akta Pekerja Gig 2025 [_Akta 872_]. Ini termasuklah perubahan kadar lantai, kadar komisen dan lain-lain lagi. Pekerja gig hendaklah membuat aduan melalui mekanisme kilanan dalaman yang terdapat di syarikat dan sekiranya pertikaian tidak selesai, pekerja gig boleh membuat aduan terus kepada pihak KESUMA melalui sistem eAduan yang boleh diakses secara atas talian.

Adua

[5] kkdr_2026-07-15 p.9: KKDR.15.7.2026 9

<tbc>_Hitam-hitam si buah manggis;_

_Timbalan Menteri juga manis._

Soalan tambahan. Saya ingin mendapatkan pencerahan berkenaan tadi Timbalan Menteri ada menyatakan berkenaan dengan _contract of service_. Jadi, apakah hak pekerja gig sekiranya entiti kontrak kepada -- yang disediakan oleh majikan itu mengubah terma kontrak tanpa persetujuan pekerja tersebut. Pertama.

Yang kedua, adakah pihak perunding bagi kajian bertajuk _Struktur Pampasan Yang Adil Bagi Pekerja Gig di Malaysia_ sedang dijalankan mengambil kira input dan juga pandangan pemegang taruh atau _stakeholder_ di","5","5","5","5","Sofia","","5","5","4","5","","3","zai-org/GLM-5.2: The answer correctly identifies Akta Pekerja Gig 2025 (Akta 872) as the act protecting gig workers, matching the golden answer, and all claims are supported by the retrieved context. The citation dn_2026-08-04, ms. 26 matches the golden reference. Completeness is slightly reduced as the answer omits the detail about the KPKP's regulatory authority under Bahagian IX, though it covers the main point well.

Qwen/Qwen3.5-397B-A17B: The answer correctly identifies Akta Pekerja Gig 2025 (Akta 872) as the act protecting gig workers, matching the golden answer, and all claims are supported by the retrieved context. The citation dn_2026-08-04, ms. 26 matches the golden reference exactly. Completeness is slightly reduced as the answer omits the mention of the Sexual Harassment Act tribunal that can be used alongside, though this is a secondary detail.

moonshotai/Kimi-K2.6: The answer correctly identifies Akta Pekerja Gig 2025 [Akta 872] as the act protecting gig workers, matching the golden answer, and all claims are directly supported by the retrieved context. It also adds the Akta 789/Skim Lindung Kendiri detail which is supported by context [2]. The only minor omission is the specific mention of Bahagian IX's KPKP mechanism, but the core answer is complete.",""
"tp-0304","Sofia","dn_2019-05-06","8","Where can we do a public complaint regarding animal welfare?","Hotline DVS adalah 03-88702000 untuk sebarang kompelin tentang animal welfare dan isu-isu binatang. Juga melalui WhatsApp di 019-2242233 untuk menghantar video dan aduan.","Public complaints about animal welfare can be made through the DVS hotline at 03-88702000, or via WhatsApp at 019-2242233, where videos and other evidence can also be sent.","[1] dn_2019-05-06 p.8: ur ke belakang dari segi _animal welfare_. Mereka perlu memperbaiki dari segi ini. Jangan terlambat. Kalau boleh, _adopt_ lah _this Animal Welfare Act 2015_, sudah sedia lengkap dengan pelbagai. _What is so difficult? Just adopt this act_, di mana mereka merupakan _part of the consultation_ dan mereka juga merupakan salah satu _member_ dalam Lembaga Kebajikan Haiwan di bawah akta ini. Mereka merupakan salah seorang ahli walaupun _ex-officio_ tetapi mereka duduk dalam Lembaga Kebajikan Haiwan. Jadi, kalau boleh mereka meningkatkan dengan _adopt this act_, then _everything can be done immediatel

[2] dn_2019-05-06 p.7: g Yang Berhormat Sri Aman, Yang Berhormat Jimmy Donald yang menjadi Ahli Parilmen Sri Aman untuk tiga penggal daripada tahun 1995 sehingga 2008.

Soalan saya, Tuan Yang di-Pertua. Saya menerima baik inisiatif yang diadakan tetapi bagi saya, ada satu masalah iaitu saya tidak nampak satu hotline, aduan, talian khidmat 24 jam yang senang diingati oleh rakyat kita supaya kita boleh melaporkan keskes kezaliman haiwan ini kepada pihak tertentu. Oleh itu, saya mencadangkan supaya kementerian boleh mengadakan satu hotline yang senang diingati supaya kita boleh melaporkan melalui WhatsApp dan sebagainy

[3] dn_2019-05-06 p.6: k 13 ekor, lembu sebanyak lapan ekor, dan burung sebanyak tiga ekor. Daripada jumlah aduan yang telah dilaporkan pada tahun 2018- 40 kes telah didapati mempunyai asas untuk diambil tindakan di bawah Akta Binatang 1953, dan Akta Kebajikan Haiwan 2015.

Sebanyak 10 kes telah disiasat di bawah Akta Binatang 1953. Daripada 10 kes yang disiasat di bawah akta tersebut, lima kes tidak diteruskan proses pendakwaan, _no further action_ (NFA) atas arahan Timbalan Pendakwa Raya manakala empat kes masih lagi di dalam siasatan. Terdapat satu kes telah dituduh dan telah dikenakan hukuman bon untuk berkelaku

[4] dn_2019-05-06 p.8: DN 6.5.2019 8

Perundingan itu berterusan dengan tujuan untuk adaptasi daripada Kerajaan Negeri Sabah dan Sarawak. Malangnya, negeri Sabah dan Sarawak tidak ingin adopt akta ini dan saya pun tidak tahu kenapa. Ini adalah yang telah berlaku.

Maka, untuk negeri Sabah, sebenarnya mereka telah menggubal _Sabah Animal Welfare Enactment 2015_. Saya difahamkan bahawa mereka ada _adap_ beberapa cadangan atau akta-akta dalam _Animal Welfare Act 2015_ dalam enakmen tersebut di Sabah.

Akan tetapi untuk negeri Sarawak tidak berlaku sedemikian. _Veterinary Public Health Ordinance 1999_ telah digubal teta

[5] dn_2019-05-06 p.7: DN 6.5.2019 7

Sebanyak 30 kes telah disiasat di bawah Akta Kebajikan Haiwan 2015. Daripada 30 kes yang telah disiasat di bawah akta tersebut, sebanyak 12 kes tidak diteruskan proses pendakwaan atas arahan Timbalan Pendakwa Raya manakala 13 kes masih lagi di dalam siasatan. Sebanyak satu kes telah dituduh dan telah dikenakan hukuman denda sebanyak RM25 ribu.

Satu kes lagi telah dikenakan acquittal dan discharge. Terdapat tiga kes masih dalam proses perbicaraan. Jumlah keseluruhan denda sehingga tahun 2018 adalah sebanyak RM46,200 yang turut melibatkan denda-denda kes yang dibawa daripada tahu","5","5","5","5","Sofia","","5","5","5","5","","3","zai-org/GLM-5.2: The answer accurately reports the DVS hotline 03-88702000 and WhatsApp 019-2242233 for animal welfare complaints, matching the golden answer and the retrieved context from dn_2019-05-06, ms. 8, with the correct citation.

Qwen/Qwen3.5-397B-A17B: The answer accurately states both the DVS hotline (03-88702000) and WhatsApp number (019-2242233) for animal welfare complaints, matching the golden answer and the retrieved context from dn_2019-05-06, ms. 8. All claims are directly supported by the context, and the citation points to the correct sitting and page.

moonshotai/Kimi-K2.6: The answer accurately states both the DVS hotline (03-88702000) and WhatsApp number (019-2242233) for animal welfare complaints, matching the golden answer and the retrieved context from dn_2019-05-06, ms. 8 exactly.",""
"tp-0087","Sofia","dn_2026-02-26","24","Adakah minyak masak bersubsidi dilarang kepada warga asing?","Ya. Mulai 1 Mac 2026, kerajaan menguatkuasakan larangan penjualan minyak masak bersubsidi kepada bukan warganegara. Di bawah seksyen 22 Akta Kawalan Bekalan: denda individu/syarikat — kesalahan pertama tidak melebihi RM2 juta, kesalahan kedua tidak melebihi RM5 juta jika jual kepada warga asing.","Ya. Kerajaan akan menguatkuasakan larangan penjualan minyak masak bersubsidi kepada bukan warganegara mulai 1 Mac. Larangan ini dimewartakan di bawah Seksyen 22, Akta Kawalan Bekalan. Individu atau syarikat yang menjual minyak masak bersubsidi kepada warga asing boleh didenda, iaitu bagi syarikat tidak melebihi RM2 juta untuk kesalahan pertama dan tidak melebihi RM5 juta untuk kesalahan kedua.","[1] dn_2026-02-26 p.24: pada hujung tahun 2026 ini, ada lebih kurang 10,000 unit akan dibekalkan. 10,000 unit terminal khas MyKasih itu akan dibekalkan kepada peruncit-peruncit untuk membantu pembelian minyak masak paket ini. Jadi. kita sedang dalam proses mengintegrasikan QR code ini dengan sistem MyKasih ini.

Dan selepas pada itu pula, pada 1 Mac ini iaitu pada hari Ahad ini, kerajaan akan menguatkuasakan larangan penjualan minyak masak bersubsidi kepada bukan warganegara. Ini membolehkan kementerian mengambil tindakan terhadap mana-mana peruncit yang didapati menjual kepada warga asing, selaras dengan peruntukan 

[2] dn_2026-02-26 p.25: DN 26.2.2026 25

<tbc>warga asing. Maka, boleh didenda individu yang melaksanakan kesalahan itu dan juga syarikat. Kalau syarikat ini tidak melebihi RM 2 juta dan bagi kesalahan kedua, tidak melebihi RM5 juta kalau mereka menjual minyak masak paket ini, bersubsidi ini kepada warga bukan negara Malaysia. Terima kasih Datuk Yang di-Pertua.

**Timbalan Yang di-Pertua:** Terima kasih. Soalan tambahan Datuk Anna Bell.

**Datuk Anna Bell @ Suzieana binti Perian:** Terima kasih Yang Berhormat Timbalan Menteri atas jawapan yang sangat baik dan komprehensif. Persoalan tambahan saya, adakah pihak kement

[3] dn_2026-02-26 p.24: DN 26.2.2026 24

<tbc>dengan eCOSS ini dan saya beri izinkan saya Dato Yang di-Pertua untuk memberi penerangan berkenaan dengan mekanisme bagaimana sistem eCOSS ini berfungsi.

la nya berfungsi sebagai satu mekanisme pengesanan ataupun traceability, dengan izin, rantaian bekalan minyak masak bersubsidi bermula daripada kilang penapisan, pembungkus, pemborong dan seterusnya kepada peruncit yang berdaftar serta mempunyai lesen sah di bawah Akta Kawalan Bekalan 1961.

la nya mula kita laksanakan pada tahun 2023. Sebelum itu kita mempunyai masalah untuk trace perjalanan minyak masak paket itu sehi

[4] dn_2026-03-02 p.41: Kita meneliti kaedah penyasaran subsidi paling selamat, tersusun dan berkesan supaya manfaat subsidi betul-betul dinikmati oleh rakyat. Budi95 ialah contoh jelas. Subsidi petrol RON95 disasarkan bagi mengekang ketirisan warga asing. Sementara rakyat menikmati nikmat RON95 bersubsidi pada kadar RM1.99 seliter. Walaupun had subsidi ditetapkan 300 liter sebulan, analisis penggunaan sebenar RON95 menunjukkan hampir 99 peratus pengguna berada di bawah paras tersebut. Sekali gus membuktikan ia cukup bagi kegunaan harian rakyat tanpa menjejaskan corak penggunaan biasa. Sejak diperkenalkan, purata pen

[5] dr_2017-10-31 p.49: zin ataupun orang Sabah yang benar?

Dalam pengagihan yang dibuat Tuan Yang di-Pertua, _census_ yang dibuat pada tahun 2010 yang dipetik daripada _Statistic Department_ adalah 3.293 juta warga Sabah yang di mana 901,943 adalah pendatang tanpa izin ataupun warga asing bercampuran. Orang Sabah hanya 2.391 juta.

Maka di Sarawak pada tahun 2010 mereka ada 2.5 juta orang Sarawak. Adanya 122 orang warga asing atau pendatang tanpa izin. Orang Sarawak yang tulen 2.393 juta. _So why is there a big disparity_ antara Sabah dan Sarawak? Adakah orang Sabah lebih produktif daripada Sarawak? _I think it is ","5","5","5","5","Syahir","","5","5","5","5","","3","zai-org/GLM-5.2: Jawapan itu sepadan dengan jawapan emas: larangan dikuatkuasakan mulai 1 Mac, diwartakan di bawah Seksyen 22 Akta Kawalan Bekalan, dengan denda syarikat RM2 juta (kesalahan pertama) dan RM5 juta (kesalahan kedua), semuanya disokong secara langsung oleh ms. 24–25 dn_2026-02-26 yang dipetik.

Qwen/Qwen3.5-397B-A17B: The answer is fully supported by the retrieved context (dn_2026-02-26, ms. 24-25), which confirms the enforcement date of 1 March, the legal basis under Section 22 of the Supply Control Act, and the fine amounts of RM2 million for first offence and RM5 million for second offence. All facts match the golden answer exactly, the citation is accurate, and the answer is complete.

moonshotai/Kimi-K2.6: The answer is fully supported by the retrieved context (dn_2026-02-26, ms. 24-25), correctly states the enforcement date of 1 March, the legal basis under Section 22 of the Supply Control Act, and the fine amounts (RM2 million first offence, RM5 million second offence for companies). It matches the golden answer on all checkable facts and cites the correct sitting and page.",""
"tp-0065","Sofia","dn_2026-08-03","8","Berapakah had kelayakan RON95?","Had kelayakan: 200 liter sebulan melalui MyKad dan lesen memandu berpusat.","Had kelayakan RON95 ialah 200 liter sebulan.","[1] dn_2026-03-02 p.41: Kita meneliti kaedah penyasaran subsidi paling selamat, tersusun dan berkesan supaya manfaat subsidi betul-betul dinikmati oleh rakyat. Budi95 ialah contoh jelas. Subsidi petrol RON95 disasarkan bagi mengekang ketirisan warga asing. Sementara rakyat menikmati nikmat RON95 bersubsidi pada kadar RM1.99 seliter. Walaupun had subsidi ditetapkan 300 liter sebulan, analisis penggunaan sebenar RON95 menunjukkan hampir 99 peratus pengguna berada di bawah paras tersebut. Sekali gus membuktikan ia cukup bagi kegunaan harian rakyat tanpa menjejaskan corak penggunaan biasa. Sejak diperkenalkan, purata pen

[2] dn_2026-08-03 p.8: DN 3.8.2026 8

Dato Yang di-Pertua, pelaksanaan program BUDI MADANI RON95 bertujuan memastikan rakyat yang layak terus dilindungi daripada turun naik harga bahan api di pasaran, di sampling mengurangkan ketirisan subsidi kepada pihak yang tidak sepatutnya menerima manfaat itu.

Oleh itu, harga RON95 tanpa subsidi yang berubah mengikut harga pasaran hanya terpakai kepada pembeli yang tidak layak menerima subsidi termasuk bukan warganegara dan pihak yang tidak memenuhi kriteria kelayakan BUDI95. Sejak pelaksanaan BUDI95 sejak 31 Julai 2026, lebih 14.2 juta rakyat daripada 16.7 juta individu yang

[3] dn_2026-03-02 p.41: <tbc>DN 2.3.2026 41<tbc>

<tbc>dibelanjakan akan diagihkan semula kepada golongan yang memerlukan melalui kementerian dan agensi berkaitan. Antaranya, melibatkan pertama, penghuni pusat perlindungan, khususnya mangsa keganasan rumah tangga di bawah KPWKM. Kedua, murid OKU dan keperluan khas di bawah KPM. Ketiga, pembelian peranti perubatan untuk pesakit miskin di bawah KKM. Dan keempat, pengukuhan bank masakan Dapur Siswa untuk manfaat mahasiswa daripada keluarga berpendapatan rendah di bawah KPT.

Pengagihan semula dana ini bukan sahaja mengangkatkan ketelusan pengurusan kewangan awam, malah 

[4] dn_2026-03-02 p.41: in membetulkan persepsi dan menegaskan...

**Datuk Wira Dr. Mohd Hatta bin Md Ramli:** Yang di-Pertua...

**Datuk Seri Amir Hamzah Azizan:** ....tiada kerenah birokrasi bagi pemandu _e-hailing_ berdaftar untuk menikmati subsidi RON95.

\(\blacksquare\)**1210**

Kelayakan BUDI95 pada kadar RM1.99 diberikan secara automatik melalui penyasaran data antara MOF, APAD, LPKP Sabah, LPKP Sarawak dan syarikat pengendali _e-hailing_. Ini bermakna, selagi pemandu _e-hailing_ aktif...

**Timbalan Yang di-Pertua:** Menteri.

**Datuk Seri Amir Hamzah Azizan:** Biar saya habis...

**Timbalan Yang di-Pertua:*

[5] dn_2026-08-03 p.7: -- Yang Berhormat Senator, kita had pada dua soalan tambahan seperti saya tetapkan tadi bawah Peraturan 23(3). Dipersilakan Yang Berhormat Senator Datuk Bobbey bin Suan.

**Datuk Bobbey Ah Fang bin Suan:** Terima kasih Dato Yang di-Pertua. Soalan saya nombor 3.

3. Datuk Bobbey Ah Fang bin Suan minta Menteri Kewangan menyatakan, impak penjimatan tahunan daripada pelaksanaan subsidi bersasar RON95.

**Menteri Kewangan II [Datuk Seri Amir Hamzah Azizan]:** Terima kasih Yang Berhormat Senator atas soalan tersebut","5","4","4","3","Syahir","","5","5","3","5","","3","zai-org/GLM-5.2: The answer correctly states the 200 liter/month eligibility limit, which is directly supported by the retrieved context from dn_2026-08-03, ms. 8. However, it omits the mechanism detail (MyKad and centralized driving license verification) that the golden answer includes, so completeness is slightly reduced.

Qwen/Qwen3.5-397B-A17B: The answer correctly states the 200 liter per month eligibility limit, which is directly supported by the retrieved context from dn_2026-08-03, ms. 8. However, it omits the mechanism detail (MyKad and centralized driving license verification) that the golden answer includes, so completeness is slightly reduced.

moonshotai/Kimi-K2.6: The answer correctly states the 200-litre monthly eligibility limit, which is directly supported by the retrieved context at dn_2026-08-03, ms. 8 (the same sitting and page as the golden reference). However, it omits the mechanism detail (MyKad and centralized driving licence verification) that the golden answer includes, so completeness is slightly reduced.",""
"tp-0314","Sofia","dr_2004-06-14","50","Apakah tujuan Akta Perlindungan Varieti Baru Tumbuhan 2004?","Memberi hak harta intelek kepada pembiak baka yang membangunkan varieti baru tumbuhan, merangsang penyelidikan dan pembangunan, serta memenuhi obligasi Malaysia di bawah TRIPS (WTO) dengan sistem 'sui generis' berasaskan UPOV.","Tujuan Akta Perlindungan Varieti Baru Tumbuhan 2004 ialah untuk merangsang penyelidikan dan pembangunan varieti-varieti baru tumbuhan serta memastikan pembiak baka, institusi-institusi awam dan swasta mendapat faedah daripada usaha-usaha pembiakan. Akta ini memberi hak dan perlindungan intelek kepada pembiak baka yang membangunkan varieti-varieti baru tumbuhan. Selain itu, ia membolehkan petani dan pengusaha tempatan menggunakan varieti-varieti baru dari negara luar dengan mudah dan lebih terjamin, serta memenuhi obligasi Malaysia di bawah perjanjian TRIPS.","[1] dr_2004-06-14 p.49: DR.14.6.2004 49

membangunkan varieti-varieti baru seperti padi MR185 yang mengeluarkan hasil yang tinggi dan tahan penyakit, varieti betik Eksotika dan Eksotika II yang sesuai untuk dieksport dan lain-lain lagi.

Dalam industri kelapa sawit, Lembaga Kelapa Sawit Malaysia dan beberapa badan penyelidikan ladang swasta seperti Guthrie dan Golden Hope telah berjaya menghasilkan baka elit kelapa sawit yang senang diurus dan juga mengeluarkan hasil dua kali ganda daripada yang sedia ada.

Sehubungan dengan itu, untuk merangsang penyelidikan dan pembangunan varieti-varieti baru tumbuhan serta memast

[2] dr_2004-06-14 p.65: . Mungkin dengan adanya akta atau Rang Undang-undang Perlindungan Varieti Baru Tumbuhan 2004 ini, ianya akan dapat menggalakkan lebih banyak varieti baru dalam pertumbuhan ini dapat diperkenalkan dalam industri pertanian kita.

Tuan Yang di-Pertua, tetapi dalam masa yang sama saya juga ingin membawa ataupun ingin menyarankan supaya Kementerian Pertanian dan Industri Asas Tani ini tidak terlepas pandangan. Kalau kita menghadiri mesyuarat agung sama ada koperasi pekebun-pekebun, kita hadir mesyuarat agung, agensi-agensi yang ada kaitan dengan pertanian ini kita dapat melihat ahli-ahli petani-pet

[3] dr_2004-06-14 p.49: ang-undang perlindungan varieti baru tumbuhan mereka dan jika perlindungan seperti ini tidak terdapat di Malaysia, negara-negara luar tidak akan mengeksport varieti-varieti baru tumbuhan mereka untuk tujuan komersial di negara kita.

Perlindungan varieti baru tumbuhan juga diperlukan untuk memenuhi obligasi Malaysia yang telah menandatangani perjanjian tentang aspek-aspek yang berhubungan dengan perdagangan bagi hak harta intelek atau dengan ringkasnya, TRIBS.

Di bawah Perkara 27.3(b) persetujuan tersebut, negara-negara ahli dikehendaki mewujudkan perlindungan varieti baru tumbuhan sama ada m

[4] dr_2004-06-14 p.65: tuk memperkenalkan Rang undang-undang Perlindungan Varieti Baru Tumbuhan 2004 ini, saya melihat kita akan memberi tumpuan dan Perlindungan yang lebih kepada pihak luar, oleh kerana kemungkinan MARDI yang sudah 15 tahun yang lalu sudah tiga kali kita meminda polisi pertanian ini, tetapi kesannya hasil daripada pindaan-pindaan yang dibuat kepada polisi pertanian ini masih lagi hendak kita tunggu apakah kesan dan hasil yang sebenarnya daripada pindaan-pindaan tersebut. Maka kita hari ini perkenalkan satu rang undang-undang baru.

Penting sangat jangan sampai apabila pihak-pihak datang dari luar y

[5] dr_2004-06-14 p.49: semua atau mana-mana perbuatan berikut secara komersial iaitu menghasil atau menghasilkan semula, menyesuaikan untuk tujuan pembiakan, menawarkan untuk jualan, memasarkan termasuk menjual, mengeksport, mengimport dan menyimpan bahan bagi maksud yang telah disebutkan tadi.

Pemberian hak harta intelek ini kepada pembiak baka akan menggalakkan mereka melaksanakan kegiatan-kegiatan inovatif iaitu sama seperti tujuan diwjudkan hak paten, hak cipta, hak reka bentuk dan jenama.  Seperti lain-lain harta intelek, perlindungan varieti baru tumbuhan ialah harta persendirian yang boleh dipindah millik, d","5","5","4","2","Syahir","","5","5","4","4","","3","zai-org/GLM-5.2: The answer faithfully restates the retrieved context (stimulating R&D, granting IP rights to breeders, TRIPS obligations) and matches the golden answer on all checkable facts; the only minor gap is that it does not explicitly mention the 'sui generis' UPOV basis stated in the golden answer, and its citations point to ms. 49 and 65 rather than the golden reference ms. 50, though the content is from the same sitting.

Qwen/Qwen3.5-397B-A17B: The answer faithfully covers all three main purposes stated in the golden answer (IP rights for breeders, stimulating R&D, and TRIPS obligations) with direct support from the retrieved context. It omits the secondary detail about the 'sui generis' system based on UPOV, and cites page 49 instead of the golden reference page 50, though it is the correct sitting.

moonshotai/Kimi-K2.6: The answer faithfully restates the retrieved context (stimulating R&D, granting IP rights to breeders, TRIPS obligations) and matches the golden answer on all checkable facts; it only omits the secondary detail about the 'sui generis' system based on UPOV, and cites ms. 49 (correct sitting, adjacent page to the golden ms. 50).",""
"tp-0320","Sofia","dr_2017-10-31","52","Sejak bilakah GST menggantikan SST?","Sejak April 2015, kerajaan telah melaksanakan GST bagi menggantikan SST.","Sejak April 2015.","[1] dr_2017-10-31 p.52: at memiliki rumah diteruskan. Antara yang sangat popular dan juga sangat dicemburui dan sukar untuk diikuti adalah rumah mampu milik Kerajaan Negeri Johor kerana telah berjaya membina.

Setinggi tahniah saya ucapkan kepada Kerajaan Negeri Johor kerana telah berjaya membina 15,139 unit rumah mampu milik dengan harga serendah RM42 ribu hingga RM150 ribu seunit. Sekarang ini diberi kemudahan pula dengan bantuan-bantuan kewangan daripada kerjasama dengan bank-bank tertentu seperti Ambank. Haraplah perkara ini dapat diikuti dengan lebih agresif oleh Kerajaan Persekutuan bagi membina lebih banyak ru

[2] dn_2019-05-06 p.56: kai jualan ke atas barang yang dikilangkan dalam negara, barang-barang seperti buahbuahan adalah tidak tertakluk kepada cukai jualan.

Kemudian tentang pelaksanaan SST dan sebagainya, langkah kerajaan menggantikan GST dengan cukai jualan dan cukai perkhidmatan adalah merupakan pendekatan terbaik bagi membendung kenaikan harga barangan dan perkhidmatan demi menjaga kepentingan pengguna seterusnya mengurangkan bebanan dari segi kos sara hidup rakyat. Ini adalah kerana skop pengenaan cukai jualan dan cukai perkhidmatan adalah kecil di mana pelbagai jenis barang dan keperluan asas pengguna seperti

[3] dn_2019-05-06 p.56: DN 6.5.2019 56

Cadangan penambahbaikan dan inisiatif yang telah dibincangkan semasa sesi libat urus tersebut akan dibentangkan kepada Mesyuarat Jemaah Menteri yang akan datang untuk pertimbangan dan kelulusan.

Tuan Yang di-Pertua, ada lagi ini, sekejap. Cukai ke atas produk tempatan. Ini dibangkit oleh Yang Berhormat Senator Dato’ Dr. Ananthan A/L Somasundaram yang meminta supaya produk tempatan dikurangkan cukainya supaya mendorong rakyat lebih cenderung untuk memilih produk tempatan. Secara asasnya di bawah aturan World Trade Organization (WTO) serta pelbagai free trade agreements yang dit

[4] dn_2019-05-06 p.82: prestasi pencapaian Manifesto Pakatan Harapan bagi 10 teras dan itizam untuk membina negara dan memenuhi harapan diukur melalui status kemajuan 464 inisiatif yang merupakan dasar dan tindakan spesifik yang dinyatakan dalam setiap janji. Secara khusus, sebanyak 60 janji dirangka berdasarkan lima teras utama dan 47 janji dinyatakan di bawah lima itizam khusus yang melibatkan tempoh pelaksanaan satu sehingga lima tahun.

**1710**

Antara program-program yang telah ditunaikan adalah seperti berikut:

(i) menghapuskan GST dan menggantikan dengan SST;

(ii) penubuhan Majlis Perumahan Mampu Miliik Ne

[5] dn_2019-05-06 p.56: barang. Ini termasuk aspek permintaan dan penawaran pada suatu tempoh masa, kadar tukaran wang asing, harga pasaran minyak dunia dan juga faktor cuaca.

Pada masa ini, kerajaan tidak bercadang untuk menggantikan sistem Cukai Jualan dan Perkhidmatan dengan sistem percukaian yang lain. Walau bagaimanapun, kerajaan akan sentiasa membuat penilaian semula dan penambahbaikan dari segi dasar dan pelaksanaan cukai jualan dan perkhidmatan bagi memperkemaskan lagi sistem percukaian tersebut.

Tuan Yang di-Pertua, ada soalan yang dibangkitkan oleh Yang Berhormat Senator Tuan Khairul Azwan bin Harun tenta","5","5","5","5","Syahir","","5","5","3","5","","3","zai-org/GLM-5.2: The answer 'Sejak April 2015' is directly supported by the retrieved context (dr_2017-10-31, ms. 52) which states 'Sejak April 2015 Tuan Yang di-Pertua, kerajaan telah melaksanakan GST bagi menggantikan SST.' The citation matches the golden reference exactly. The answer is slightly less complete than the golden answer (which mentions the government implementing GST to replace SST), but the core fact—April 2015—is correct and faithful.

Qwen/Qwen3.5-397B-A17B: The answer correctly states 'Sejak April 2015' which is directly supported by the retrieved context [1] (dr_2017-10-31, ms. 52) and matches the golden answer's key fact. However, it omits the secondary detail that GST was implemented to replace SST, which the golden answer includes. The citation matches the golden reference exactly.

moonshotai/Kimi-K2.6: The answer correctly states April 2015, matching the golden answer and the retrieved context at dr_2017-10-31, ms. 52, but it omits the explanation that GST was implemented to replace SST, which the golden answer includes.",""
"tp-0045","Sofia","dr_2026-03-02","14","Apakah anggaran kutipan cukai bagi 2026?","Cukai pendapatan individu meningkat 9.4% kepada RM49.07 bilion. Cukai pendapatan syarikat meningkat 6.5% kepada RM103.35 bilion. Cukai Jualan — RM26.6 bilion. Cukai Perkhidmatan — RM33 bilion. SST keseluruhan: RM59.6 bilion (2025: RM55.9 bilion).","Bagi tahun 2026, hasil kutipan cukai pendapatan individu dijangka meningkat sebanyak 9.4 peratus kepada RM49.07 billion, manakala cukai pendapatan syarikat meningkat kepada RM103.35 billion iaitu peningkatan 6.5 peratus berbanding kutipan hasil tahun 2025. Unjuran jumlah kutipan Cukai Jualan adalah sebanyak RM26.6 billion dan Cukai Perkhidmatan sebanyak RM33 billion.","[1] dr_2026-03-02 p.14: sekutuan, melainkan duti hiburan yang merupakan salah satu sumber hasil yang telah diserahhakkan kepada kerajaan negeri seperti yang termaktub di bawah Bahagian III Judual Kesepuluh Perlembagaan Persekutuan.

Berdasarkan Laporan Tinjauan Fiskal dan Anggaran Hasil Kerajaan Persekutuan 2026 yang diterbitkan oleh Kementerian Kewangan, anggaran disemak bagi kutipan hasil cukai pendapatan individu dan syarikat untuk tahun 2025 adalah masing-masing sebanyak RM44.86 billion dan RM97.03 billion. Jumlah kutipan hasil Cukai Jualan dan Cukai Perkhidmatan pula adalah sebanyak RM25.6 billion dan RM30.3 bil

[2] dr_2026-03-02 p.14: DR. 2.3.2026 14

**Tuan Syahredzan bin Johan [Bangi]:** Terima kasih. Baiklah, seterusnya saya jemput nombor 5, Tuan Chong Chieng Jen, Stampin.

**Tuan Chong Chieng Jen [Stampin]:** Terima kasih Tuan Yang di-Pertua. Soalan saya soalan 5.

**5. Tuan Chong Chieng Jen [Stampin]** minta Menteri Kewangan menyatakan jumlah pungutan cukai pendapatan individu dan syarikat dan Cukai Jualan dan Perkhidmatan pada tahun 2025 dan apakah anggaran untuk tahun 2026.

**Tuan Syahredzan bin Johan [Bangi]:** Menteri.

**Timbalan Menteri Kewangan [Tuan Liew Chin Tong]:** Terima kasih Yang Berhormat Yang di-Pertua

[3] dr_2026-03-02 p.15: DR. 2.3.2026 15

1040

Selain itu, pendapatan syarikat yang lebih tinggi khususnya daripada sektor perkhidmatan dan pembuatan serta pelaksanaan e-Invois secara berfasa mulai Ogos 2024, dijangka turut menyumbang kepada peningkatan hasil cukai korporat serta mengurangkan ketirisan dan meningkatkan pematuhan cukai.

Untuk maklumat Yang Berhormat juga, data kutipan sebenar hasil cukai langsung dan cukai tidak langsung bagi tahun 2025 boleh disemak melalui Penyata Kewangan Kerajaan Persekutuan 2025 apabila ia nya diterbit dan dimuat naik ke laman web Jabatan Akauntan Negara Malaysia dalam awal suku

[4] dn_2026-03-02 p.47: kes pada 2025 berbanding 2.7 juta kes 2024. Bagi tahun 2026 pula sehingga 18 Februari, sebanyak RM6.2 bilion telah diselesaikan yang melibatkan 95,285 kes. Seperti yang diumumkan oleh Yang Amat Berhormat Perdana Menteri, kes lebihan cukai tahun taksiran 2023 akan diselesaikan dalam suku pertama 2026 dan lebihan cukai tahun 2024 akan diselesaikan dalam tahun 2026.

123

[5] dr_2017-10-31 p.38: .

Tuan Yang di-Pertua, bagi tahun 2017, anggaran kutipan GST adalah sebanyak RM41.5 billion, dan untuk tahun 2018, anggaran kutipan GST adalah sebanyak RM43.8 billion- peningkatan sebanyak 5.5 peratus. Mengikut perkiraan saya, untuk menampung tambahan kutipan cukai GST sebanyak RM2.3 billion ini, setiap keluarga rakyat Malaysia perlu membayar tambahan GST sebanyak RM200. Setiap syarikat pula, tambahan sebanyak RM110. Kemungkinan tambahan ini berasaskan perbelanjaan pengguna yang lebih besar atau _greater consumer spending_ tetapi jika ini alasan Kerajaan Persekutuan, kerajaan jelas telah gaga","5","4","4","5","Syahir","","5","5","4","5","","3","zai-org/GLM-5.2: The answer faithfully reproduces all 2026 tax collection figures from the retrieved context (individual income tax RM49.07b +9.4%, corporate RM103.35b +6.5%, Sales Tax RM26.6b, Service Tax RM33b), matching the golden answer exactly. The only minor gap is that it does not mention the overall SST total of RM59.6b (2025: RM55.9b) included in the golden answer, which slightly reduces completeness.

Qwen/Qwen3.5-397B-A17B: The answer faithfully reproduces the 2026 estimates from the retrieved context (individual income tax RM49.07b +9.4%, corporate RM103.35b +6.5%, Sales Tax RM26.6b, Service Tax RM33b) with correct citation to dr_2026-03-02 ms. 14, but omits the SST overall total of RM59.6b (2025: RM55.9b) that the golden answer includes.

moonshotai/Kimi-K2.6: The answer faithfully reproduces all 2026 estimates from the retrieved context (individual income tax RM49.07b +9.4%, company tax RM103.35b +6.5%, Sales Tax RM26.6b, Service Tax RM33b) matching the golden answer exactly, with correct citation to dr_2026-03-02 ms. 14. The only minor gap is omission of the 2025 comparative figures and the overall SST total (RM59.6b vs RM55.9b) that the golden answer includes, slightly reducing completeness.",""
"tp-0028","Sofia","dr_2026-06-22","47","Berapa banyak syor yang dikemukakan oleh Jawatankuasa Pilihan Kesihatan?","12 syor strategik di bawah tiga aspek utama: (i) penumpuan intervensi kritikal dan tindakan segera; (ii) pengukuhan ekosistem sokongan dan pencegahan; (iii) pemantapan tadbir urus dan penyelarasan pelaksanaan. Pendekatan yang disyorkan: whole-of-government dan whole-of-society merentas sektor kesihatan, pendidikan, kebajikan, pekerjaan, komuniti, keluarga, dan media.","12 syor strategik.","[1] dr_2026-06-22 p.78: DR. 22.6.2026 78

<tbc>la sebenarnya menentukan sama ada rakyat mendapat bantuan tepat pada waktunya ataupun sebaliknya. Dalam situasi krisis dan bencana, keperluan ini menjadi lebih mendesak. Sokongan psikososial perlu digerakkan dengan cepat dan diselaraskan, khususnya kepada mangsa bencana, kanak-kanak, warga emas, keluarga yang kehilangan orang yang tersayang dan kumpulan rentan yang lain.

Secara ringkasnya, Jawatankuasa telah mengumpulkan 12 syor strategik yang perlu diterjemahkan untuk tindakan pelaksanaan. Saya kira pihak kerajaan harus melihat syor-syor ini tadi dan ditambah dengan pa

[2] dr_2026-06-22 p.144: DR. 22.6.2026 144

<tbc>saya menggulung bagi pihak Jawatankuasa Pilihan Wanita, Kanak-kanak dan Pembangunan Masyarakat berhubung kesaksamaan gender dan politik Malaysia ke arah 30 peratus penglibatan wanita.

Saya juga ingin merakamkan terima kasih kepada semua Yang Berhormat yang telah pun berbahas tadi seramai lapan orang. Dan saya nampak semuanya telah pun menyokong dan semuanya bersetuju tentang perkara-perkara yang telah pun dilontarkan oleh Jawatankuasa sebanyak syor yang telah pun kita berikan, lapan perkara tersebut.

Dan juga saya nak ucapkan terima kasih ataupun merakamkan terima kas

[3] dr_2026-06-22 p.47: DR. 22.6.2026 47

Pada masa yang sama, perkhidmatan kesihatan mental sedia ada perlu diperkukuh. Walaupun Kementerian Kesihatan Malaysia telah menyediakan perkhidmatan psikiatri, saringan, kaunseling, rehabilitasi serta talian bantuan krisis dan sokongan emosi, persoalannya adalah sama ada bantuan ini benar-benar sampai kepada rakyat yang memerlukan khususnya di peringkat akar umbi. Jawatankuasa turut mengambil maklum kekangan sumber manusia termasuklah pakar psikiatri, ahli psikologi klinikal, kaunselor berdaftar, pegawai psikologi, penolong pegawai psikologi dan pegawai sosial masyarakat.

K

[4] dr_2026-06-22 p.49: ukuhan sistem kesihatan mental bukan sekadar menambah program atau kempen, ia memerlukan perubahan cara kita melihat isu ini, iaitu daripada stigma kepada sokongan, daripada pendekatan reaktif kepada pencegahan, daripada kerja persendirian kepada penyelarasan nasional. Jika kita serius mahu membina Malaysia yang sihat, berdaya tahan, maka kesihatan mental mesti menjadi sebahagian daripada agenda pembangunan negara kita. Rakyat bukan sahaja memerlukan rawatan apabila sakit, tetapi juga sistem yang membantu mereka bertahan dan bangkit serta terus berfungsi dalam kehidupan.

Jawatankuasa berharap

[5] dr_2026-06-22 p.44: baca kali yang kedua pada Mesyuarat kali ini.

PENERANGAN MENGENAI PENYATA DARIPADA PENGERUSI-PENGERUSI JAWATANKUASA PILIHAN DI BAWAH PERATURAN MESYUARAT 14(1)(ia)

PENGUKUHAN SISTEM KESIHATAN MENTAL DI MALAYSIA

Timbalan Yang di-Pertua [Puan Alice Lau Kiong Yieng]: Ahli-ahli Yang Berhormat, terdapat tiga penerangan mengenai penyata daripada Pengerusi Jawatankuasa Pilihan yang akan dibuat iaitu:

(i) Jawatankuasa Pilihan Kesihatan;

(ii) Jawatankuasa Pilihan Perdagangan Dalam Negeri, Keusahawanan, Kos Sara Hidup dan Pertanian; dan

(iii) Jawatankuasa Pilihan Wanita, Kanak-kanak dan Pembangunan","5","5","4","3","Syahir","","5","5","3","5","","3","zai-org/GLM-5.2: The answer correctly states 12 strategic recommendations, which is directly supported by the retrieved context (ms. 47 and ms. 78). However, it omits the three main aspects under which the recommendations fall, which the golden answer includes, so completeness is reduced. The citation includes ms. 47, which matches the golden reference.

Qwen/Qwen3.5-397B-A17B: The answer correctly states 12 strategic recommendations, which is directly supported by the retrieved context (ms. 47 and ms. 78), but it omits the three main aspects and the whole-of-government/whole-of-society approach that the golden answer includes.

moonshotai/Kimi-K2.6: The answer correctly states 12 strategic recommendations, which is directly supported by the retrieved context (ms. 47 and ms. 78) and matches the golden answer's core fact. However, it omits the three main aspects and the whole-of-government/whole-of-society approach mentioned in the golden answer, so completeness is reduced. The citation includes ms. 47, which matches the golden reference.",""
"tp-0230","Syahir","kkdr_2026-07-14","9","Berapakah peruntukan subsidi elektrik yang disalurkan oleh Kerajaan Persekutuan kepada SESB pada tahun 2026?","Walaupun kuasa kawal selia bekalan elektrik dan tenaga telah diserahkan sepenuhnya kepada Kerajaan Negeri Sabah sejak 2024, Kerajaan Persekutuan tetap memperuntukkan subsidi tarif bekalan elektrik kepada SESB yang dianggarkan berjumlah RM880 juta bagi tahun 2026.","RM880 juta.","[1] kkdr_2026-07-14 p.9: an rakyat bagi menambah baik kemudahan dan infrastruktur asas. Antara projek yang diberi tumpuan adalah seperti projek Lebuhraya Pan Borneo, jalan perhubungan desa, jalan-jalan luar bandar, bekalan elektrik luar bandar, bekalan air luar bandar, pembinaan dan menaik taraf hospital dan klinik, menaik taraf sekolah daif dan balai polis.

Selain itu, walaupun Kerajaan Persekutuan telah menyerahkan kuasa kawal selia bekalan elektrik dan tenaga kepada Kerajaan Negeri Sabah sejak 2024, Kerajaan Persekutuan masih menyalurkan peruntukan tahunan untuk subsidi bekalan elektrik SESB yang untuk tahun 2026 

[2] dn_2026-03-02 p.62: DN 2.3.2026 62

Kesemua projek di atas telah bermula di tapak dan jangka siap keempat-empat projek ini pada tahun 2027. Beretinya-- beretinya tak sia-sia ini Yang Berhormat Senator Datuk-- Datuk bertanya dalam persoalan-persoalan lain, banyak projek untuk negeri Sabah.

Dan, dan, dan diluluskan juga oleh Kerajaan Pusat adalah merangkumi peruntukan untuk perkara-perkara berikut:

(a) RM880 juta adalah merupakan subsidi bagi menampung kos operasi pembekalan elektrik di Sabah dan Wilayah Persekutuan Labuan oleh Sabah Electricity iaitu untuk subsidi sokongan tarif, subsidi bahan api dan subsidi so

[3] kkdr_2026-07-14 p.9: idmatan negeri pada masa kajian, dengan peruntukan yang munasabah bagi pembesaran perkhidmatan itu.

Berhubung pemberian khas kepada Sabah sebanyak RM1.5 billion seperti yang telah diumumkan YAB Perdana Menteri, Kerajaan Persekutuan ingin menegaskan bahawa kenaikan pemberian khas tersebut tidak akan mengurangkan siling peruntukan operasi dan pembangunan untuk Sabah dalam belanjawan tahun Persekutuan pada tahun ini. Kerajaan Persekutuan terus memberi keutamaan peruntukan perbelanjaan pembangunan terutamanya bagi Sabah melalui projek-projek pembangunan yang dilaksanakan oleh pelbagai kementerian

[4] kkdr_2026-07-14 p.12: 12 KKDR.14.7.2026

<tbc>la adalah sumber kehidupan, warisan keluarga, identiti masyarakat dan jaminan masa depan generasi yang akan datang.

Ribuan keluarga luar bandar masih mengusahakan tanah yang belum mempunyai geran sah walaupun telah diduduki selama puluhan tahun. Sebab itulah Program PANTAS diperkenalkan pada tahun 2011 untuk memperceptkan kerja pengukuran tanah adat dan pengeluaran geran kepada rakyat Sabah. Program ini terbukti berjaya dan memberi manfaat besar kepada rakyat.

Menurut data rasmi Jabatan Tanah dan Ukur Sabah sehingga September 2019, Program PANTAS telah dilaksanakan di

[5] dn_2026-07-20 p.20: komitmen kerajaan dalam memperkukuh jaringan keselamatan sosial.

Pada tahun 2026, sebanyak RM15 billion disediakan kerajaan untuk Program STR dan SARA berbanding hanya RM10 billion pada tahun 2024. Bantuan kewangan ini, khususnya SARA yang bermula pada tahun 2023, merupakan mekanisme yang digunakan oleh kerajaan bagi membantu rakyat dalam menangani peningkatan kos sara hidup.

Program ini juga adalah selaras dengan hasrat kerajaan untuk menyediakan bantuan secara bersasar. Pada ketika ini, kerajaan telah berjaya meningkatkan penglibatan kedai<tbc","5","5","5","2","Syahir","","5","5","3","5","","3","zai-org/GLM-5.2: The answer correctly states RM880 juta, which is directly supported by the retrieved context (kkdr_2026-07-14, ms. 9 and dn_2026-03-02, ms. 62). However, it omits the secondary context about the regulatory power transfer and the breakdown of the subsidy components, so completeness is slightly reduced.

Qwen/Qwen3.5-397B-A17B: The RM880 juta figure is directly supported by the retrieved context (kkdr_2026-07-14, ms. 9) and matches the golden answer's key fact, but the answer omits the secondary context about the regulatory transfer to the Sabah state government since 2024, so completeness is reduced.

moonshotai/Kimi-K2.6: The RM880 juta figure is directly supported by the retrieved context (kkdr_2026-07-14, ms. 9) and matches the golden answer's key fact, but the answer omits the secondary context about the regulatory power transfer to the Sabah state government since 2024, which the golden answer includes.",""
"tp-0240","Syahir","kkdr_2026-07-15","3","Senaraikan institusi perbankan dan agensi pembiayaan yang bekerjasama dengan FELDA bagi pinjaman perumahan peneroka.","FELDA menjalin kerjasama strategik dengan Agrobank, Bank Simpanan Nasional (BSN), Bank Islam Malaysia Berhad dan Lembaga Pembiayaan Perumahan Sektor Awam (LPPSA), yang disokong oleh jaminan kredit perumahan melalui Syarikat Jaminan Kredit Perumahan (SJKP).","- Agrobank
- Bank Simpanan Nasional
- Bank Islam Malaysia Berhad
- Lembaga Pembiayaan Perumahan Sektor Awam (LPPSA)

Selain itu, kelulusan pembiayaan turut melibatkan sokongan jaminan daripada Syarikat Jaminan Kredit Perumahan.","[1] kkdr_2026-07-15 p.3: Sebarang perancangan pembangunan perumahan baharu memerlukan penyediaan serta penaiktarafan infrastruktur utiliti bagi memastikan keperluan penduduk dapat dipenuhi secara mampan.

Yang ketiga, sudut intervensi pembiayaan. Pada masa ini, FELDA telah mengadakan kerjasama dengan Agrobank, Bank Simpanan Nasional, Bank Islam Malaysia Berhad dan Lembaga Pembiayaan Perumahan Sektor Awam (LPPSA) dalam menyediakan kemudahan pembiayaan perumahan kepada warga FELDA yang layak.

Kelulusan pembiayaan adalah tertakluk kepada syarat dan pengkreditan yang ditetapkan oleh pihak bank, termasuk sokongan jaminan 

[2] kkdr_2026-07-15 p.3: , pihak pemaju telah membina rumah contoh bagi menyediakan reka bentuk pembangunan dan strategi pemasaran. Sebarang cadangan pembangunan hanya boleh dipertimbangkan setelah memperolehi kelulusan perancangan daripada pihak berkuasa yang berkaitan, termasuk pihak berkuasa tempatan.

Berdasarkan semakan yang telah dilaksanakan, tapak cadangan merupakan tanah milik FELDA di bawah hak milik (CL 105646615) yang mempunyai syarat nyata bahawa tanah pertanian. Kawasan tersebut merupakan kawasan ladang kelapa sawit yang masih aktif di bawah pengurusan Blok FELDA Umas dan masih mengeluarkan hasil. Di sam

[3] kkdr_2026-07-15 p.2: status guna tanah bagi pelaksanaan projek ini,

(iii) apakah intervensi pembiayaan kerajaan seperti SPNB atau Skim Jaminan Kredit Perumahan (SJKP) bagi memastikan akses pinjaman lebih inklusif kepada generasi kedua FELDA.

Saya ingin menegaskan bahawa isu ini bukan sekadar projek perumahan, tetapi melibatkan kesinambungan generasi FELDA, keadilan sosial luar bandar serta hak asas rakyat untuk memiliki kediaman sendiri di tanah yang mereka diami sejak sekian lama. Sekian, terima kasih.

**Tuan Haji Bakri bin Jamaluddin [Tangga Batu]:** Minta Yang Berhormat Menteri menjawab.

## 2.37 ptg.

**Tim

[4] kkdr_2026-07-15 p.2: 2 KKDR.15.7.2026

<tbc>Pada masa yang sama, kekangan di bawah Akta Tanah (Kawasan Penempatan Berkelompok) 1960 turut mengehadkan pembangunan rumah tambahan melalui prinsip satu tapak satu rumah, walaupun kerajaan telah mula memberi kebenaran khas bagi rumah generasi kedua dalam keadaan tertentu bagi mengelakkan isu penempatan tidak formal.

Di sampling itu, cabaran pembiayaan perumahan turut membelenggu generasi kedua FELDA apabila majoriti bekerja dalam sektor pertanian, pekerjaan sendiri dan pendapatan tidak tetap, sekali gus menyukarkan kelulusan pinjaman oleh institusi kewangan akibat skor

[5] kkdr_2026-07-15 p.2: eroka, manakala jumlah keseluruhan warga peneroka dianggarkan seramai 33,000 orang, termasuk yang menetap di dalam dan luar kawasan rancangan. FELDA sentiasa komited dalam memastikan kelestarian kehidupan warga peneroka serta generasi baharu di semua 11 wilayah FELDA.

Pada masa ini, keutamaan FELDA adalah memberi tumpuan kepada usaha menaik taraf kemudahan bekalan elektrik, bekalan air bagi memenuhi keperluan semasa penduduk di kawasan-kawasan rancangan. Sehubungan dengan itu, FELDA masih belum mempunyai sebarang perancangan baru untuk melaksanakan Projek Perumahan Generasi Baharu FELDA atau ","5","5","5","5","Syahir","","5","5","5","5","","3","zai-org/GLM-5.2: The answer lists all four institutions (Agrobank, BSN, Bank Islam, LPPSA) and the SJKP guarantee, matching the golden answer exactly, and every claim is directly supported by the retrieved context at kkdr_2026-07-15, ms. 3, which is the correct sitting and page.

Qwen/Qwen3.5-397B-A17B: The answer lists exactly the four institutions named in the golden answer (Agrobank, BSN, Bank Islam, LPPSA) and correctly notes SJKP's guarantee role, all directly supported by the retrieved context from kkdr_2026-07-15, ms. 3, which is the exact sitting and page cited.

moonshotai/Kimi-K2.6: The answer lists exactly the four institutions named in the golden answer (Agrobank, BSN, Bank Islam, LPPSA) and correctly notes SJKP's guarantee role, all directly supported by the retrieved context from kkdr_2026-07-15, ms. 3. The citation matches the golden reference exactly.",""
"tp-0298","Syahir","kkdr_2026-07-16","12","Berapakah unjuran kapasiti loji pemisahan REE komersial berskala besar di Gopeng setelah fasa POC berjaya?","Setelah fasa perintis POC 3,000 tan metrik berjaya dan memperoleh bekalan mentah mencukupi, kilang di Gopeng akan diperluaskan kepada kapasiti komersial penuh sebanyak 13,000 tan metrik setahun.","13,000 tan metrik setahun.","[1] kkdr_2026-07-16 p.10: n loji pemisahan unsur nadir bumi (REE), kerjasama teknikal, pembangunan kapasiti serta elemen pemindahan teknologi (_technology transfer_) bagi menyokong pembangunan rantaian nilai industri REE di Malaysia.

Sehingga kini, kerjasama tersebut telah berada pada fasa pelaksanaan dan penyediaan keperluan teknikal serta kawal selia, termasuk pembangunan loji dengan kapasiti pengeluaran 3,000 tan matrik setahun pada peringkat _proof of concept_ (POC) iaitu di Gopeng, Perak dengan dana sebanyak USD15 juta daripada pihak Carester

[2] kkdr_2026-07-16 p.12: belum boleh diperluaskan kepada loji komersial yang berkapasiti 13,000 tan metrik setahun. Sebenarnya kecil jumlahnya itu. Loji tersebut dirancang untuk memulakan operasi setelah memperoleh bekalan bahan mentah REE daripada aktiviti perlombongan. Kalau tak ada bahan mentah, memang tak boleh proses lagi. Jadi, dia mesti ada _sequence_ dia. Bahan mentah dahulu, kemudian barulah boleh kita proses mengikut loji ataupun kilang yang berkenaan.

Walau bagaimanapun, Ahli Yang Berhormat, kerajaan ingin menegaskan bahawa garis masa yang dinyatakan merupakan perancangan pihak syarikat.

Pelaksanaan setia

[3] kkdr_2026-07-16 p.12: lulusan yang ditetapkan oleh pihak Kerajaan Persekutuan dan kerajaan negeri.

Soalan yang keempat -- dia ada 10 ni. Berkenaan dengan garis masa penuh kerajaan untuk operasi projek ini. Suka saya sebutkan garis masa penuh ini adalah garis masa penuh syarikat. Sebagai kerajaan kita hanya cuma pantau, kita hanya cuma melihat dari segi pemudah cara. _So_, kalau berdasarkan maklumat yang dikemukakan oleh pihak syarikat, pengoperasian projek perlombongan REE di Gua Musang, Kelantan ia nya dijangka mengambil masa antara satu hingga dua tahun dan disasarkan untuk mula beroperasi pada tahun 2028, terta

[4] kkdr_2026-07-16 p.11: tanah, sehinggalah kepada teknologi pemisahan REE di peringkat pertengahan (_midstream_). Sebahagian proses akan dilaksanakan di Perancis dan sebahagian lagi di Malaysia bagi menjamin kestabilan rantaian bekalan kedua-dua negara. Syarikat berkenaan juga menegaskan perjanjian Carester-Malaco merupakan kontrak komersial, yang mana Carester tidak melabur secara langsung dalam aktiviti perlombongan, sebaliknya berkongsi teknologi bagi memastikan operasi lombong mematuhi sepenuhnya piawaian ESG.

Soalan ketiga berkenaan dengan status sebenar fasa loji perintis atau _pilot plant_. Untuk makluman Yan","5","5","4","4","Syahir","","5","5","3","5","","3","zai-org/GLM-5.2: The answer correctly states 13,000 tan metrik setahun, which is directly supported by the retrieved context (kkdr_2026-07-16, ms. 12) and matches the golden answer. However, it omits the conditional context about the POC phase succeeding and needing sufficient raw material supply, making it less complete than the golden answer.

Qwen/Qwen3.5-397B-A17B: The answer correctly states 13,000 tan metrik setahun, which is directly supported by the retrieved context (ms. 12) and matches the golden answer. However, it omits the conditional context (that expansion follows successful POC of 3,000 tan metrik and sufficient raw material supply), making it less complete than the golden answer.

moonshotai/Kimi-K2.6: The answer correctly states 13,000 tan metrik setahun, which is directly supported by the retrieved context (kkdr_2026-07-16, ms. 12) and matches the golden answer's key figure. However, it omits the conditional context (expansion after successful POC phase and securing sufficient raw material supply), so completeness is slightly reduced. The citation includes ms. 12, which is the correct sitting and page per the golden reference.",""
"tp-0343","Amirah","dn_2020-09-22","11","Which UK institution did MOSTI hold discussions with regarding a potential Phase 3 COVID-19 vaccine clinical trial collaboration?","Imperial College London.","Imperial College London.","[1] dn_2020-09-22 p.11: jangka melibatkan peserta di seluruh dunia. Perbincangan lanjut akan diadakan dengan Kedutaan Rusia di dalam masa yang terdekat.

Seterusnya, MOSTI juga melalui NIBM telah menandatangani LOI dengan Kedutaan Cuba di Malaysia dan telah menyatakan hasrat untuk berkolaborasi dengan _Finlay Vaccine Institute_ dan _Center for Genetic Engineering and Biotechnology Cuba_ bagi mendapatkan akses kepada vaksin COVID-19 yang sedang di dalam pembangunan.

MOSTI telah menjalani satu perbincangan bersama _Imperial College London_ berhubung potensi kolaborasi ujian klinikal fasa 3 vaksin COVID-19, perjanjian 

[2] dn_2020-09-22 p.11: DN 22.9.2020 11

Salah satu tindakan susulan daripada mesyuarat tersebut adalah Kerajaan Malaysia akan mengadakan perjanjian kerjasama bersama dengan pihak Menteri Sains dan Teknologi Republik Rakyat China agar Malaysia dalam kalangan negara yang terawal mendapat bekalan vaksin COVID-19 apabila sahaja vaksin tersebut diluluskan oleh Kementerian Kesihatan Malaysia.

Selain daripada itu, perbincangan turut diadakan bersama dengan National Vaccine Institute of Thailand di dalam usaha sama pembangunan vaksin. MOSTI melalui agensi di bawahnya iaitu NIBM telah menandatangani _Letter of Intent_ denga

[3] dn_2020-09-22 p.10: tubuhan Coalition for Epidemic Preparedness Innovations (CEPI). Penyertaan Malaysia sebagai ahli CEPI membolehkan Malaysia mendapat akses kepada pembangunan vaksin. Pemindahan teknologi dan kepakaran baharu kepada penyelidik tempatan.

MOSTI sedang di dalam proses bekerjasama dengan negara dan agensi di antaranya dengan negara China, Thailand, Rusia, Cuba dan Coalition for Epidemic Preparedness Innovations (CEPI). Malaysia telah menyatakan hasrat untuk bekerjasama dengan Kerajaan China dengan agensi berkaitan seperti Sinovac Biotech Ltd. dan Sinopharm. Walau bagaimanapun, memandangkan jangkita

[4] dn_2020-09-22 p.10: rsama;_

_Vaksin COVID-19 yang muktamad belum dijumpa;_

_Kerana itu janganlah leka- berjaga-jaga._

Untuk makluman Yang Behhormat, di dalam usaha membantu pembangunan vaksin COVID-19 pembangunan vaksin COVID-19, kluster kolaborasi antara Kementerian Sains, Teknologi dan Inovasi (MOSTI) dan Kementerian Kesihatan Malaysia serta Kementerian Luar Negeri (MOFA) dibentuk bagi mencari peluang untuk mewujudkan kerjasama strategik melibatkan badan-badan antarabangsa, agensi dan syarikat tempatan bagi membolehkan Malaysia memperoleh kemudahan untuk pembangunan vaksin dan perubatan dalam mencegah COVID-

[5] dn_2020-09-22 p.12: 12 DN 22.9.2020

<tbc>Soalan saya sebenarnya menjurus kepada pasukan khas. Jadi sudah hampir enam bulan pasukan khas ditubuhkan. Saya hendak tahu, sejauh mana kemampuan makmal diagnostik yang disediakan dalam melakukan ujian? Adakah kementerian menggunakan data raya atau _big data_ dalam membangunkan pemetaan kawasan penularan COVID-19 bagi membantu pihak berkaitan dalam pemantauan dan juga pencegahan COVID-19? Itu sahaja Tuan Yang di-Pertua. Terima kasih.

**Tuan Yang di-Pertua:** Silakan.

**Tuan Haji Ahmad Amzad bin Mohamed @ Hashim:** Terima kasih atas soalan tambahan. Dalam hubungan ini, ","5","5","5","5","Syahir","","5","5","5","5","","3","zai-org/GLM-5.2: The answer 'Imperial College London' is directly supported by the retrieved context at dn_2020-09-22, ms. 11, which states MOSTI held discussions with Imperial College London regarding potential Phase 3 COVID-19 vaccine clinical trial collaboration. This matches the golden answer exactly, and the citation points to the correct sitting and page.

Qwen/Qwen3.5-397B-A17B: The answer 'Imperial College London' is directly supported by the retrieved context at dn_2020-09-22, ms. 11, which states MOSTI held discussions with Imperial College London regarding potential Phase 3 COVID-19 vaccine clinical trial collaboration. The answer matches the golden answer exactly, is fully supported by the cited source, and the citation points to the correct sitting and page.

moonshotai/Kimi-K2.6: The answer 'Imperial College London' is directly supported by the retrieved context at dn_2020-09-22, ms. 11, which states MOSTI held discussions with Imperial College London regarding potential Phase 3 COVID-19 vaccine clinical trial collaboration. This matches the golden answer exactly, and the citation points to the correct sitting and page.",""
"tp-0124","Amirah","dn_2026-03-02","21","NSS 60,000 engineer target ni macam mana ah, sekarang train how many already?","Kerajaan menyasarkan 60,000 jurutera dan tenaga kerja berkemahiran tinggi menjelang 2030. Setakat 2024 bermula NSS hingga Januari 2026, 18,082 orang jurutera dan pekerja teknikal telah dilatih.","Sasaran kerajaan ialah 60,000 jurutera dan tenaga kerja berkemahiran tinggi menjelang 2030. Setakat ini, bermula NSS pada 2024 hingga Januari 2026, seramai 18,082 orang jurutera dan pekerja teknikal telah berjaya dilatih.","[1] dn_2026-03-02 p.21: udnya di Malaysia ini kita sudah lama bertapak _semiconductor industry_ E&E, 50 tahun. Dan kita mempunyai bakat yang bukan kata mencukupi, tetapi yang mempunyai bakat tertentu, satu kluster yang sangat besar, maka kita bermula dari situ.

Jadi apa yang kita lakukan adalah, sekarang kerajaan menyasarkan RM60,000 dari _segi jurutera dan tenaga kerja berkemahiran tinggi menjelang 2030. Setakat sekarang, 2024 bermula NSS hingga Januari 2026, kita telah berjaya melatih 18,082 orang jurutera dan pekerja teknikal telah dilatih._

Jadi maksudnya, kita pun bertungkus lumus untuk melatih lebih banyak ba

[2] dn_2026-03-02 p.20: ** Terima kasih atas jawapan Timbalan Menteri. Soalan tambahan saya, memandangkan matlamat NSS untuk melahirkan 60,000 jurutera mahir, bagaimanakah kementerian memantau kadar _brain drain_ ke negara jiran seperti Singapore yang menawarkan gaji yang lebih kompetitif dan apakah langkah untuk memastikan bakat yang dilatih di bawah dana NSS kekal menyumbang kepada ekonomi tempatan?

‘Kedua’, dalam menghadapi persaingan...

**Tuan Yang di-Pertua:** Bukan kedua, dah ketiga sudah itu, teruskan.

**Beberapa Ahli: _[Ketawa]_*

[3] dn_2026-03-02 p.20: mbolehkan pemain industri mengakses bekalan tenaga hijau secara terus daripada penjana tenaga bebas. Loji jana kuasa solar industri, pembangunan ladang solar khusus di sekitar MVV 2.0 untuk membekalkan tenaga bersih terus kepada kilang-kilang di NSSV.

Sistem pengurusan sisa pintar, penyediaan fasiliti rawatan sisa industri berpusat yang mematuhi piawaian antarabangsa bagi meminimumkan jejak karbon industri. Dengan keseluruhan inisiatif ini, kerajaan yakin NSS akan berjaya memartabatkan industri semikonduktor ke tahap yang lebih tinggi, mengukuhkan kedudukan Malaysia dalam rantaian bekalan glo

[4] dn_2026-03-02 p.22: DN 2.3.2026 22

infrastruktur, jalan kena bagus, api, air kena stabil, dia kena— lepas itu dia kena trained engineer dan lepas itu kena handholding untuk mendapatkan pekerjaan.

Jadi, _seamless_. Itu sebab _track_ di bawah Negeri Sembilan itu harus bekerja dengan lebih kuat lagi supaya dia membina ekosistem itu. Kita tidak boleh biarkan pasaran sahaja. _You know, it’s handholding_. Dan dari segi Negeri Sembilan atau KPM dan sebagainya, kita kena masuk ke _Form 3_ supaya _Form 3_ lebih ramai yang masuk _Science Stream_. Dan seterusnya dia boleh jadi jurutera atau TVET ke dan sebagainya. _It is 

[5] dn_2026-03-02 p.22: NSS. Inisiatif ini adalah sebahagian daripada strategi untuk melahirkan syarikat pemain utama tempatan yang berupaya bersaing di peringkat antarabangsa, selaras dengan sasaran nasional 10 daripada 100 syarikat semikonduktor global. Maksudnya, kerajaan ingin memupuk local company menjadi local champion— 10 syarikat, kita nak _push_ supaya mereka mempunyai _turnover_ yang USD1 billion dan 100 syarikat mempunyai _turnover_ RM1 billion.

Jadi, dengan mempunyai syarikat-syarikat tempatan, maka dia akan _create_ ekosistem yang lebih komprehensif. Kita tidak boleh hanya menjadi— menarik pelabur darip","5","5","5","5","Aiman","","5","5","5","5","","3","zai-org/GLM-5.2: The answer accurately reflects the retrieved context from dn_2026-03-02, ms. 21, stating the 60,000 engineer target by 2030 and the 18,082 trained figure, matching the golden answer exactly. The citation points to the correct sitting and page.

Qwen/Qwen3.5-397B-A17B: The answer matches the golden answer exactly on all facts (60,000 target by 2030, 18,082 trained from NSS start in 2024 to January 2026) and is directly supported by the retrieved context at dn_2026-03-02, ms. 21, which is the exact sitting and page in the golden reference.

moonshotai/Kimi-K2.6: The answer matches the golden answer exactly on both checkable facts (60,000 target by 2030; 18,082 trained from NSS start in 2024 to January 2026), and both facts are directly supported by the retrieved context at dn_2026-03-02, ms. 21, which is also the exact sitting and page cited in the golden reference.",""
"tp-0106","Amirah","dn_2026-07-20","20, 21","What is the SARA cashless aid program and how is it distributed?","SARA ialah bantuan tanpa tunai disalurkan dalam bentuk kredit melalui MyKad. Boleh digunakan di kedai rakan niaga SARA bagi pembelian 15 kategori barangan keperluan asas: makanan asas, kebersihan diri, kebersihan rumah, ubat-ubatan. 140,000 produk atau barangan boleh diperolehi termasuk beras, kicap, tepung, susu formula bayi, pakaian sekolah dan ayam sejuk beku.","Sumbangan Asas Rahmah (SARA) is a non-cash aid delivered in the form of credit through the identity card or MyKad. It can be used at shops registered as SARA business partners (Rakan Niaga SARA) to purchase 15 categories of basic necessities, including basic food items, personal hygiene products, household cleaning items, and medicines.

Distribution is targeted at eligible groups, with the government monitoring implementation to ensure recipients benefit as intended. The program is also carried out on the ground together with Program Jualan RAHMAH, allowing recipients to buy affordable basic goods using their MyKad at Rakan Niaga SARA premises, mostly private retail shops. The selection of shops and supermarkets takes into account the number of recipients in an area, including rural and remote areas within at least a seven-kilometer distance, and opens opportunities for local retail shops to participate.","[1] dn_2026-08-03 p.31: Datuk Seri Amir Hamzah Azizan]:** Terima kasih Yang Berhormat Senator atas soalan tersebut.

Dato Yang di-Pertua, Sumbangan Asas Rahmah (SARA) merupakan bantuan tanpa tunai yang disalurkan dalam bentuk kredit melalui kad pengenalan atau MyKad. la boleh digunakan di kedai-kedai yang berdaftar sebagai rakan niaga SARA bagi pembelian 15 kategori barangan keperluan asas, termasuk barangan makanan asas, barangan kebersihan diri, barangan kebersihan rumah dan ubat-ubatan.

**1140**

Pendekatan ini membolehkan kerajaan memantau pelaksanaan program secara berkesan dan memastikan golongan sasar benar-b

[2] dn_2026-07-20 p.20: h (SARA) kepada lebih banyak kedai runcit kecil dan koperasi tempatan, khususnya di luar bandar dan pedalaman, memandangkan pelaksanaan semasa dilihat lebih menguntungkan pasar raya besar berbanding peniaga kecil.

Timbalan Menteri Kewangan [Tuan Liew Chin Tong]: Terima kasih Dato Tuan Yang di-Pertua, terima kasih Yang Berhormat Tuan Che Alias bin Hamid.

Untuk makluman Yang Berhormat, Sumbangan Asas Rahmah (SARA) merupakan bantuan tanpa tunai yang disalurkan dalam bentuk kredit melalui kad pengalan ataupun MyKad. Ia boleh digunakan di kedai-kedai yang berdaftar sebagai rakan niaga SARA bagi p

[3] dn_2026-08-03 p.33: uan serta langkah-langkah kawalan dan audit bagi memastikan integriti, keselamatan data dan kelancaran pelaksanaan program SARA secara berterusan di seluruh negara.

Untuk makluman Yang Berhormat Senator, program SARA dibentuk sebagai program bantuan bersasar untuk pembelian barangan asas termasuk barangan makanan asas, barangan kebersihan diri, barangan kebersihan rumah dan ubat-ubatan. Kerajaan kekal dengan pendekatan bantuan secara bersasar kepada golongan yang memerlukan dan dari masa ke semasa akan turut memastikan agar isu kos sara hidup dapat ada dalam kawalan- terkawal. Sekian, terima 

[4] dn_2026-07-20 p.21: ramai penerima mendapat akses mudah kepada bantuan ini.

Bagi memudah cara dan memperluaskan capaian serta memastikan kedai runcit dan pasar raya di kawasan luar bandar dan pedalaman turut mendapat faedah daripada inisiatif SARA, Program SARA di lapangan juga turut dilaksanakan bersekali dengan Program Jualan RAHMAH. Melalui kaedah ini, penerima bukan sahaja mendapat harga barangan yang murah tetapi dapat membeli barangan keperluan asas menggunakan MyKad di premis Rakan Niaga SARA yang turut merupakan operator Program Jualan RAHMAH yang kebanyakannya kedai runcit persendirian.

Selain itu, pen

[5] dr_2026-06-22 p.110: likasi SARA mudah alih atau pun terminal pembayaran mudah alih yang boleh digunakan melalui telefon pintar. Pendekatan ini membolehkan penjaja kecil, koperasi kampung dan peruncit luar bandar menyertai program SARA dengan lebih mudah, murah tanpa perlu menanggung kos sistem POS yang tinggi.

Selain itu, Batang Sadong turut mencadangkan inisiatif ikhtiar MADANI bergerak diintegrasikan dengan pelaksanaan program SARA. Pasukan bergerak ini boleh mengenal pasti kawasan mana yang belum mempunyai rakan niaga SARA,<tbc","5","5","5","4","Aiman","","5","5","4","5","","3","zai-org/GLM-5.2: The answer faithfully reproduces the definition, distribution mechanism, and 15 categories from the retrieved context, matching the golden answer on all checkable facts. It omits only the secondary detail about 140,000 specific products (e.g., rice, soy sauce, frozen chicken), keeping completeness at 4, while citations include the exact golden reference pages (dn_2026-07-20, ms. 20, 21).

Qwen/Qwen3.5-397B-A17B: The answer faithfully reproduces the SARA program description from the retrieved context (dn_2026-07-20, ms. 20-21), matching the golden answer on all key facts: non-cash aid via MyKad credit, Rakan Niaga SARA shops, 15 categories of basic necessities, and distribution details. It omits only the specific product examples (rice, soy sauce, flour, formula milk, school uniforms, frozen chicken) that appear in the golden answer but not in the retrieved context, so completeness is 4 rather than 5. Citations point to the correct sitting and pages.

moonshotai/Kimi-K2.6: The answer faithfully reproduces the definition and distribution details from the retrieved context (dn_2026-07-20, ms. 20-21), matching the golden answer on all checkable facts. It omits the specific figure of 140,000 products and examples like rice, soy sauce, frozen chicken from the golden answer, but this is a minor omission of secondary detail rather than a substantive gap.",""
"tp-0199","Amirah","dn_2026-08-04","44","Apakah aplikasi yang digalakkan kepada rakyat Malaysia di luar negara bagi komunikasi kecemasan?","Aplikasi MyWorld Alert.","Aplikasi MyWorld Alert.","[1] dn_2026-08-04 p.44: iasa konsisten menggalakkan rakyat Malaysia yang berada di luar negara atau yang akan melakukan lawatan sosial ke mana-mana negara untuk mendaftarkan keberadaan mereka dengan pejabat perwakilan di negara yang dilawati melalui e-mel, panggilan telefon atau sistem e-Konsular. Pendaftaran ini amat penting bagi memastikan maklumat rakyat Malaysia adalah tepat, sekali gus memudahkan perancangan bantuan, penyampaian maklumat serta pelaksanaan operasi konsuler termasuk semasa situasi kecemasan dan evacuation berlaku.

Rakyat Malaysia juga digalakkan menggunakan aplikasi MyWorld Alert bagi membolehkan

[2] dn_2026-08-04 p.44: <tbc>DN 4.8.2026 44

Tuan Yang di-Pertua, keselamatan dan kebajikan rakyat Malaysia di luar negara kekal menjadi keutamaan kerajaan. Ini termasuklah jemaah umrah kita. Pejabat-pejabat perwakilan diplomatik Malaysia sentiasa memantau rapat perkembangan situasi keselamatan di seluruh dunia, termasuk perkembangan konflik di Timur Tengah.

Semua perwakilan diplomatik Malaysia di luar negara telah mempunyai pelan kontigensi yang sentiasa dikemas kini. Pelan ini merangkumi pemetaan lokasi rakyat Malaysia, mekanisme komunikasi, penyelarasan sumber serta strategi evakuasi yang sistematik. Pelan ini be

[3] dn_2026-08-03 p.72: DN 3.8.2026 72

<tbc>suasana keselamatan yang ada dalam negara kita. Kalau beritanya baik, dia akan melegakan rakyat. Kalau ada sesuatu kecemasan dan isu keselamatan yang patut didedahkan, biar rakyat peka dan memahami apa tindakan-tindakan yang dibuat oleh kerajaan itu adalah hasil daripada perbincangan tersebut.

Dan dengan sistem komunikasi yang canggih pada hari ini, amat bersesuasianlah apa yang telah diputuskan di dalam rang undang-undang ini untuk memastikan rangkaian-rangkaian komunikasi ini terlibat sama dengan aktif, bukan sekadar menyediakan prasarana tetapi juga menyumbang segala t

[4] dn_2026-08-03 p.61: a ditugaskan oleh kerajaan di Republik Rakyat China, mereka itu sangat tegas dalam soal kawalan keselamatan dengan mengawal platform-platform ataupun pelantar-pelantar komunikasi.

Mereka mewujudkan pelbagai aplikasi dan pelbagai platform yang dengan sendiri dapat mengawal keselamatan negara. Soal kebocoran, soal juga nya saya katakan pengaruh neokolonialisme. Jadi, soal pengaruh ideologi, soal pengaruh pandangan sarwa ataupun worldview, dengan izin. Soal pengaruh sistem nilai asing yang tidak cocok dan tidak serasi dengan masyarakat di negara itu.

Maka, sudah sampai saatnya, pada hemat saya 

[5] dr_2026-03-02 p.27: at, Pulai.

**Tuan Suhaizan bin Kaiat [Pulai]:** Terima kasih, Tuan Yang di-Pertua. Soalan Pulai nombor 9.

9. Tuan Suhaizan bin Kaiat [Pulai] minta Menteri Komunikasi menyatakan apakah kerajaan akan menggunakan kuasa deeming di bawah Akta 588 untuk mendakwa Mark Zuckerberg dan Elon Musk jika platform mereka seperti _Facebook_, _WhatsApp_, _Instagram_ dan _X_ melanggar undang-undang negara sedang mereka beroperasi di luar negara.

**Tuan Syahredzan bin Johan [Bangi]:** YB Menteri.

**Timbalan Menteri Komunikasi [Puan Teo Nie Ching]:** Terima kasih, Tuan Speaker yang bijaksana. Terima kasih, Ah","5","5","5","5","Aiman","","5","5","5","5","","3","zai-org/GLM-5.2: The answer correctly identifies 'MyWorld Alert' as the app encouraged for Malaysians abroad for emergency communication, which is directly supported by the retrieved context from dn_2026-08-04, ms. 44. The citation matches the golden reference exactly.

Qwen/Qwen3.5-397B-A17B: The answer correctly identifies 'MyWorld Alert' as the app encouraged for Malaysians abroad for emergency communication, matching the golden answer and the retrieved context from dn_2026-08-04, ms. 44. The citation is exact.

moonshotai/Kimi-K2.6: The answer correctly identifies 'MyWorld Alert' as the app encouraged for Malaysians abroad for emergency communication, matching the golden answer and directly supported by the retrieved context at dn_2026-08-04, ms. 44.",""
"tp-0306","Sofia","dn_2019-05-06","20","Apakah pendapatan isi rumah mengikut kaum?","Melayu/bumiputera RM6,267, India RM7,150, Cina RM8,750.","Pendapatan isi rumah mengikut kaum adalah seperti berikut:
- Kaum Melayu bumiputera: RM6,267
- Kaum India: RM7,150
- Kaum Cina: RM8,750","[1] dn_2019-05-06 p.20: DN 6.5.2019 20

## 1120

Saya nak bertanya kepada Yang Berhormat Menteri, macam mana kita nak mencapai jurang ini, kesamarataan jurang ini? Ini kerana daripada angka yang kita tengok, pendapatan isi rumah sahaja, kaum Melayu bumputera RM6,267, kaum India RM7,150 dan kaum Cina RM8,750. Kalau kita tengok daripada senarai 10 orang-orang terkaya di Malaysia, tak capai Yang Berhormat, tak tercapai kita.

(i) Tan Sri Robert Kuok;

(ii) Tan Sri Quek Leng Chan;

(iii) Tan Sri Teh Hong Piow;

(v) Tan Sri Ananda Krishnan;

(vi) Tan Sri Lee Shin Cheng;

(vi) Tan Sri Dr. Chen Lip Keong;

(vii) Tan Sri Lim

[2] dn_2019-05-06 p.28: tanah adat.

Kerajaan juga akan memberi keutamaan kepada enam negeri yang kurang membangun dalam mengagihkan peruntukan pembangunan bagi tempoh dua tahun terakhir RMKe-11 termasuklah Sabah dan Sarawak. Di bawah Rolling Plan Keempt 2019, RMKe-11, Sabah dan Sarawak telah pun diperuntukkan sejumlah RM9.36 billion atau 17.1 peratus daripada jumlah peruntukan pembangunan keseluruhan. Jumlah peruntukan ini telah meningkat 10.5 peratus iaitu sebanyak RM889 juta daripada tahun sebelumnya.

Seterusnya, untuk makluman Yang Berhorat Senator Dato’ Kesavadas A. Achyuthan Nair, kerajaan komit untuk merapatk

[3] dn_2019-05-06 p.28: DN 6.5.2019 28

Dari aspek purata pendapatan isi rumah pula, berdasarkan Laporan Penyiasatan Pendapatan dan Perbelanjaan Isi Rumah (PPPIR) 2016 oleh Jabatan Perangkaan Malaysia, purata pendapatan isi rumah Sabah pada tahun 2016 didapati meningkat sebanyak 9.7 peratus kepada RM5,354 berbanding RM4,879 pada tahun 2014.

Kerajaan telah memberi perhatian khusus kepada usaha untuk merapatkan jurang pembangunan antara wilayah melalui Tonggak III KSP RMKe-11 iaitu menuju ke arah pembangunan wilayah seimbang. Di bawah tonggak ini, kerajaan telah menggariskan dengan jelas strategi-strategi untuk memper

[4] dn_2026-03-02 p.77: , dan kedua adalah pelan bangunan dan ketiga memberi pengecualian ataupun pengurangan ke atas caj pematuhan dan juga caj pembangunan.

Ketiganya melaksanakan pemetaan harga rumah mampu milik berasaskan kepada pendapatan median mengikut negeri dan daerah. Dalam hal ini Tuan Yang di-Pertua, kerajaan turut membangunkan kaedah pemetaan harga rumah mampu milik berdasarkan daripada data laporan Survei Pendapatan Isi Rumah dan Kemudahan Asas Tahun 2022. Pendekatan ini menggunakan kaedah gandaan median ataupun median multiple. Berdasarkan pendapatan median isi rumah mengikut lokaliti bagi menentukan j

[5] dn_2020-09-22 p.5: daripada pihak kerajaan negeri dan pihak berkuasa tempatan. Sebelum permohonan, lesen pemaju perumahan dan permit iklan dan jualan dibuat kepada KPKT.

Secara umumnya, penetapan harga penjualan rumah adalah di luar bidang kuasa kementerian dan ditentukan oleh pasaran secara terbuka. Walau bagaimanapun, kementerian telah menetapkan harga siling rumah mampu milik di bandar dan luar bandar bagi setiap negeri berdasarkan Dasar Rumah Mampu Milik (DRMM) yang menggunakan ketetapan gandaan medium ataupun medium multiple, dengan izin, pengiraan harga rumah yang mampu dimiliki adalah berdasarkan tiga ka","5","5","5","5","Aiman","","5","5","5","5","","3","zai-org/GLM-5.2: The answer directly cites the household income figures by ethnicity (Melayu/bumiputera RM6,267, India RM7,150, Cina RM8,750) which are explicitly stated in the retrieved context from dn_2019-05-06, ms. 20, matching the golden answer exactly. The citation points to the correct sitting and page.

Qwen/Qwen3.5-397B-A17B: The answer exactly matches the golden answer's figures (Melayu/bumiputera RM6,267, India RM7,150, Cina RM8,750) and is directly supported by the retrieved context from dn_2019-05-06, ms. 20, which is the exact sitting and page cited in the golden reference.

moonshotai/Kimi-K2.6: The answer exactly matches the golden answer and the retrieved context from dn_2019-05-06, ms. 20, which states pendapatan isi rumah for Melayu bumiputera RM6,267, India RM7,150, and Cina RM8,750. The citation points to the exact sitting and page.",""
"tp-0075","Sofia","dn_2026-02-26","12","Adakah kerajaan mengiktiraf gender ketiga?","Tidak. Kerajaan tidak akan sekali-kali mengiktiraf konsep gender ketiga. Kertas maklumat berkaitan implikasi pengiktirafan gender ketiga telah dibentangkan kepada Jawatankuasa Muzakarah MKI dan seterusnya Majlis Raja-Raja pada 2025.","Tidak. Kerajaan tidak akan sekali-kali mengiktiraf konsep gender ketiga. Kertas makluman berkaitan implikasi pengiktirafan gender ketiga telah dibentangkan kepada Jawatankuasa Muzakarah MKI dan seterusnya dalam mesyuarat MKI serta Majlis Raja-Raja pada tahun 2025.","[1] dn_2026-02-26 p.12: i _multiqa_ ilmiah mengenai budaya songsang serta penyampaian mesej melalui khutbah Jumaat dan program _akmir_ di masjid. Pendekatan ini memberi penekanan kepada kefahaman akidah, fardu ain, kesihatan dan juga motivasi. Hasilnya? _Alhamdulillah_, terdapat peserta yang menunjukkan perubahan positif termasuk menuaikan ibadah haji dan umrah, malahan ada di kalangan mereka yang kini menjadi mutawif serta berperanan menjadi pembimbing kepada komuniti hijrah yang lain.

JAKIM turut mendekati pelajar sekolah dan mahasiswa bagi meningkatkan kesedaran gejala songsang sejak di peringkat awal pendidikan,

[2] dn_2026-08-03 p.109: DN 3.8.2026 109

Pertama, saya ingin menyentuh fasal 3 yang menggantikan seksyen 6, Akta 589 berhubung komposisi keanggotaan suruhanjaya. Saya mengambil maklum bahawa pindaan ini menambah bilangan anggota suruhanjaya sehingga tujuh orang di sampling memperluaskan bidang kepakaran yang boleh dipertimbangkan dalam pelantikan anggota. Saya melihat pendekatan ini sebagai sesuatu yang positif kerana cabaran yang dihadapi oleh SKMM hari ini memerlukan kepelbagaian kepakaran serta pengalaman daripada pelbagai bidang. Namun persoalannya, selain kepelbagaian kepakaran adakah kerajaan turut mempertimban

[3] dr_2026-06-22 p.128: ita secara berstruktur secara bertarget ke arah 30 persen dalam negara kita.

Oleh itu, tadi kami telah pun menerima satu memorandum daripada kumpulan 30 peratus untuk memastikan bahawa kerajaan mampu untuk membuat perubahan pada kali ini dan mereka telah menyerahkan kepada kami satu draf. Satu draf akta yang lengkap yang ada lebih kurang dalam 43 seksyen yang memberikan peluang sekiranya pihak kerajaan benar-benar serius mempunyai political will untuk membuat Gender Parity in Political Representation Bill 2026. Ini sebuah satu langkah yang sangat ke depan oleh pihak NGO kerana mereka melihat 

[4] dr_2026-06-22 p.136: DR. 22.6.2026 136

<tbc>calon-calon Ahli-ahli Dewan Undangan Negeri dan Ahli-ahli Parlimen wanita, Pasir Salak bersetuju dengan perkara ini. Namun, persoalannya, adakah kerajaan mampu dan sudah ada pelan implikasi kewangan jangka panjang? Sedangkan peruntukan kepada Ahli-ahli Parlimen pembangkang yang di dalamnya ada wanita juga susah untuk diberi. Pelbagai alasan dan syarat-syarat mengarut yang dikeluarkan. Pasir Salak tidak pasti sama ada ini adalah gula-gula pilihan raya yang kerajaan sedang rancang untuk menarik minat golongan wanita mengundi parti-parti kerajaan sebagai pembela nasib wani

[5] dr_2026-06-22 p.124: DR. 22.6.2026 124

Insentif kewangan pula boleh disalah gunakan sehinggalah ada yang menubuhkan parti wanita semata-mata untuk menuntut dana. Maka dasar ini mesti memberi ganjaran kepada kemenangan yang sebenarnya. Bukan sekadar pencalonan kepada kerusi-kerusi yang strategik. Bukan kerusi korban dan mestilah di audit dengan rapi dan ketat.

Keadilan yang dilaksanakan secara sambil lewa bukanlah keadilan. Maka apa perjalanan nya? Bukit Bendera berbangga kerajaan perpaduan telah pun bergerak menubuhkan jawatankuasa ini, dan juga menubuhkan APPGM, gender kualiti. Jadi,  program-program seperti PE","5","5","5","5","Aiman","","5","5","5","5","","3","zai-org/GLM-5.2: The answer directly matches the golden answer, stating that the government will not recognize the third gender concept and that a paper was presented to the MKI Consultation Committee and subsequently to the MKI and Conference of Rulers in 2025. All claims are supported by the retrieved context [1] (dn_2026-02-26, ms. 12), which is the exact sitting and page given in the golden reference.

Qwen/Qwen3.5-397B-A17B: The answer directly matches the golden answer, stating that the government will not recognize the third gender concept and that a paper was presented to the MKI Consultation Committee and the Conference of Rulers in 2025, all of which is supported by the retrieved context from dn_2026-02-26, ms. 12.

moonshotai/Kimi-K2.6: The answer directly matches the golden answer, stating that the government will not recognize the third gender concept and that a paper was presented to the MKI Consultative Committee and subsequently to the Conference of Rulers in 2025, all of which is supported by the retrieved context from dn_2026-02-26, ms. 12. The citation matches the golden reference exactly.",""
"tp-0069","Sofia","dn_2026-08-03","25","Berapakah kes kecurian kabel di KTMB?","2024–Jun 2026: 432 kes, 19,756 meter kabel, kerugian RM16.3 juta. 2025: kelewatan 246 jam (ETS), 135 jam (KTM Komuter). Gangguan sistem persemboyanan mengawal pergerakan tren.","Sebanyak 432 kes kecurian kabel telah direkodkan di bawah Keretapi Tanah Melayu Berhad bagi tempoh tahun 2024 hingga Jun 2026, melibatkan anggaran 19,756 meter kabel dengan nilai kerugian dianggarkan RM16.3 juta.","[1] dn_2026-08-03 p.25: DN 3.8.2026 25

8. Datuk Wira Dr. Mohd Hatta bin Md Ramli minta Menteri Pengangkutan menyatakan, jumlah kes yang menyebabkan gangguan perjalanan akibat kecurian kabel dan apakah langkah mitigasi yang akan dilakukan oleh pihak kementerian dalam menjamin infrastruktur pengangkutan awam terjamin.

Timbalan Menteri Pengangkutan [Datuk Haji Hasbi bin Haji Habibollah]:

Bismillahirrahmanirrahim. Assalamualaikum warahmatullahi wabarakatuh.

Tuan Yang di-Pertua, untuk makluman Ahli Yang Berhormat, bagi tempoh tiga tahun yang lalu, statistik kecurian kabel yang direkodkan adalah seperti berikut.

Di ba

[2] dn_2026-08-03 p.25: direkodkan sebanyak 246 jam bagi perkhidmatan ETS dan 135 jam bagi KTM Komuter, manakala tiada kelewatan direkodkan bagi perkhidmatan antara bandar.

Di bawah Prasarana Malaysia Berhad pula, iaitu LRT dan MRT, bagi rangkaian rel bandar kendalian Prasarana, sebanyak 163 kes kecurian kabel telah direkodkan dengan anggaran jumlah kerugian mencecah RM29 juta. Kes-kes tersebut melibatkan jajaran MRT Kajang, MRT Putrajaya serta LRT Ampang, Sri Petaling dan telah memberi kesan kepada kebolehpercayaan operasi serta memerlukan tindakan pembaikan dan penyelenggaraan segera.

Di bawah Malaysia Rail Link 

[3] dn_2026-08-03 p.27: Hasbi bin Haji Habibollah:** Nak dikatakan turun itu tidak, tetapi
memang ada kes-kes yang telah pun didakwa. Saya tak ada _the figure_. Mungkin kalau
dapat segeralah ya.

**Tuan Yang di-Pertua: [Bercakap tanpa menggunakan pembesar suara]**

**Datuk Haji Hasbi bin Haji Habibollah:** Jadi, kesannya memang ada. Dan
keduanya ialah tentang juga berkaitan dengan-- sekarang ini, seperti ECRL inilah.
Keadaan ini-- sementara menunggu _the figures_-lah. _The figures of this one_. Kesan dia,
iaitu ECRL ini pun merisaukan kita juga. Belum beroperasi pun kena curi jugalah kabel-
kabelnya.

Selain daripada

[4] dn_2026-08-03 p.26: akan terus memperkukuh aspek keselamatan fizikal, penggunaan teknologi moden, penguatkuasaan undang-undang serta kerjasama strategik bersama semua agensi berkaitan bagi membendung kegiatan kecurian kabel. Langkah-langkah ini penting bagi memastikan infrastruktur rel negara sentiasa selamat, berdaya harap dan mampu menyediakan perhidmatan pengangkutan yang cekap, selamat dan berterusan kepada rakyat. Terima kasih.

**Datuk Wira Dr. Mohd Hatta bin Md Ramli:** Terima kasih. Soalan tambahan, Dato Tuan Yang di-Pertua. Terima kasih, Menteri.

Saya rasa melalui jawapan ini, kita telah melihat respons

[5] dn_2026-08-03 p.26: DN 3.8.2026 26

Antaranya iaitu, pertama, memperkukuh kawalan keselamatan dan penguatkuasaan melalui rondaan 24 jam oleh polis bantuan, pengawal keselamatan dan Polis Diraja Malaysia di samping operasi risikan serta pemeriksaan premis yang disyaki terlibat dalam aktiviti penjualan kabel curi. Sebagai contoh, KTMB telah memperoleh 20 unit motosikal scrambler juga bagi kegunaan polis bantuan KTMB bagi memperkukuh rondaan keselamatan, mempercepat tindak balas terhadap insiden serta meningkatkan kehadiran penguatkuasaan di kawasan landasan dan aset rel yang berisiko.

Keduanya ialah mempertingkat ","5","5","5","5","Aiman","","5","5","3","5","","3","zai-org/GLM-5.2: The answer accurately reports the KTMB figures (432 cases, 19,756 meters, RM16.3 million) directly from the retrieved context at the correct sitting and page (dn_2026-08-03, ms. 25). However, it omits the secondary details covered in the golden answer: the 2025 delay figures (246 hours ETS, 135 hours KTM Komuter) and the impact on the signalling system controlling train movements.

Qwen/Qwen3.5-397B-A17B: The answer accurately reports the KTMB figures (432 cases, 19,756 meters, RM16.3 million) directly from the retrieved context at the correct sitting and page (dn_2026-08-03, ms. 25). However, it omits the secondary details covered in the golden answer: the 2025 delay figures (246 hours ETS, 135 hours KTM Komuter) and the impact on the signalling system controlling train movements.

moonshotai/Kimi-K2.6: The answer accurately reports the KTMB figures (432 cases, 19,756 meters, RM16.3 million) directly from the retrieved context at the correct sitting and page (dn_2026-08-03, ms. 25), but omits the secondary details covered in the golden answer: the 2025 delays (246 hours ETS, 135 hours KTM Komuter) and the impact on the signalling system controlling train movements.",""
"tp-0315","Sofia","dr_2004-06-14","36","Berapakah kes rompakan di laut pada tahun 2002?","Terdapat 30 kes rompakan di perairan Malaysia pada tahun 2002.","30 kes.","[1] dr_2004-06-14 p.36: u dan terdapat 30 kes rompakan di perairan negara kita pada tahun 2002. Pada tahun 2003, ada sebanyak 26 kes. Terdapat juga laporan mengenai kes peras ugut untuk menebus kembali bot yang ditangkap oleh pihak berkuasa negara jiran atau yang melalui sindiket tertentu bagi bot-bot yang dicuri.

Yang terakhir sekali berkenaan dengan ancaman cabaran maritim kita berkenaan dengan pencemaran marin. Ini berlaku di laut. Pencemaran berlaku di lau

[2] dr_2004-06-14 p.36: bang Kerian juga sebut berkenaan dengan ancaman di laut, itu memang betul, yang juga memerlukan kita untuk mengadakan agensi ini secepat mungkin. Ancaman-ancaman di laut ialah pencerobohan nelayan asing. Ia masuk ke kawasan kita, kapal asing ini dan kita jangka iaitu kita kehilangan sejumlah RM1 billion setiap tahun daripada pencerobohan nelayan ini. Satu billion Ringgit Malaysia satu tahun yang dilakukan oleh nelayan asing yang menceroboh kawasan kita dan menangkap hasil lautan kita.

Kemudian sudah tentulah pendatang tanpa izin ini merupakan juga ancaman kepada kita di mana melalui Selat Mel

[3] dr_2004-06-14 p.43: DR.14.6.2004 43

dibandingkan dengan perairan kita yang digunakan oleh kapal-kapal purata hampir 50,000 kapal yang melalui Selat Melaka dan kalau sekiranya kes yang paling akhir ini, lanun, rompakan di laut pada tahun 2003 – 26 kes. Ini kecil jika dibandingkan dengan 50,000 kapal yang melalui kawasan kita. Sebab itu dalam soal lanun di perairan Selat Melaka ia boleh diselesaikan dengan adanya kerjasama di antara coastguard ataupun tentera laut Indonesia, Malaysia, Filipina dan juga Singapura – yang hendak panggil Amerika apa hal ini, mesti ada agenda yang di sebalik itu. Mungkin saya rasakan S

[4] dr_2004-06-14 p.37: DR.14.6.2004 37

merupakan tindakan pembuangan sisa minyak dan kotoran yang dilakukan oleh sesebuah kapal secara sengaja. Pencemaran boleh juga terjadi jika berlaku pelanggaran. Jadi trend pencemaran ini tahun 2002 terdapat 11 kes pencemaran. 2003 6 kes dan sehingga Mei 2004, 2 kes. Ini semuanya memerlukan kita untuk mewujudkan agensi ini untuk kita memastikan supaya ia tidak akan berlaku lagi.

Tuan Yang di-Pertua, Yang Berhormat bagi Kubang Kerian bertanya berkenaan apakah perbandingan kita dalam kita mewujudkan Agensi ini. Benchmark kita ialah apa yang ada di United States dan juga di Jepun

[5] dr_2004-06-14 p.44: n menampaklah pencapaian yang dibuat oleh Tentera Laut kita. Hari ini pun kita tengok mana berani orang datang hendak menceroboh negara kita kerana Tentera Laut kita bertindak baik. Jadi, bukan bermakna dengan adanya satu agensi yang lain itu bermakna apa yang ada pada hari ini adalah tidak baik. APMM menguatkuasakan undang-undang Persekutuan di laut, itu kerja dia. Tentera Laut jaga pertahanan.

Timbalan Yang di-Pertua [Datuk Lim Si Cheng]: Yang Berhormat, Bandar Kuching.

**Dato’ Seri Mohamed Nazri bin Abdul Aziz:** Kuching, Kepong. Kuching sila.

**Tuan Chong Chieng Jen:** Penjelasan. Yang ","5","5","5","5","Aiman","","5","5","5","5","","3","zai-org/GLM-5.2: The answer correctly states 30 kes rompakan di laut pada tahun 2002, which is directly supported by the retrieved context from dr_2004-06-14, ms. 36. The citation matches the golden reference exactly.

Qwen/Qwen3.5-397B-A17B: The answer correctly states 30 cases of sea robbery in 2002, matching both the golden answer and the retrieved context from dr_2004-06-14, ms. 36. The citation is exact and the answer is complete for the question asked.

moonshotai/Kimi-K2.6: The answer correctly states 30 robbery cases in 2002, matching the golden answer and the retrieved context from dr_2004-06-14, ms. 36.",""
"tp-0319","Sofia","dr_2017-10-31","39","Berapakah peruntukan Jabatan Perdana Menteri pada tahun 2018?","Peruntukan Jabatan Perdana Menteri pada tahun 2018 mencecah RM17.4 bilion.","Peruntukan Jabatan Perdana Menteri pada tahun 2018 mencecah RM17.4 billion.","[1] dr_2017-10-31 p.39: DR.31.10.2017 39

**Tuan Wong Chen [Kelana Jaya]:** Terima kasih kawan baik saya Yang Berhormat Kapar. Nampaknya ialah yang saya cakap tadi itu _accounting magic_ lah, okey. Kebiasaannya kerajaan akan pinjam juga duit ini, keluarkan bon, pinjam RM3 billion ini guna pakai tanpa tanggungjawab, tanpa kelulusan Parlimen selepas itu _supplementary budget_ balik pula ceritanya. Jadi ini amalan yang tidak baik- _it’s not good financial discipline_.

Baik, saya teruskan ucapan saya mengenai Jabatan Perdana Menteri. Saya perhatikan bahawa Malaysia adalah satu-satunya demokrasi di mana Perdana Menteri j

[2] dr_2017-10-31 p.39: .4 percent of the entire budget_. Ini tidak masuk akal, ini bukan sistem demokrasi tetapi satu sistem yang membolehkan kleptokrasi.

Dari segi perbelanjaan pembangunan pula, saya memerhati bahawa Jabatan Perdana Menteri mempunyai peruntukan sebanyak RM12.2 billion manakala Perbendaharaan diberi peruntukan pembangunan- _development_, sebanyak RM1.3 billion.

Ini bermakna jumlah besar RM13.5 billion iaitu 28 peratus daripada jumlah keseluruhan perbelanjaan pembangunan tahun 2018. Dengan izin, _not only the Prime Minister the Yang Amat Berhormat Pekan controls 18.4 percent the entire budget, he c

[3] dr_2017-10-31 p.100: tidak berjalan. Yang mendapat faedah besar ialah Jabatan Perdana Menteri, pembangunan di Jabatan Perdana Menteri.

Jadi, saya rasa ini semua adalah perkara-perkara yang menyusahkan rakyat. Hari ini trend harga minyak naik. Walaupun Setiausaha Perbendaharaan mengatakan masih ada lagi subsidi untuk petrol lebih kurang beberapa ratus juta tetapi ini hanya untuk menangani turun naik harga mingguan yang direka oleh kementerian sendiri. Oleh yang demikian, saya mencadangkan supaya kita fikir semula ke mana wang ini pergi. Bukan saya katakan kembalikan subsidi tetapi prioriti, keutamaan yang disediak

[4] dr_2017-10-31 p.92: 92 DR.31.10.2017

## 7.10 mlm.

Tuan Anuar bin Abd. Manap [Sekijang]: Terima kasih Tuan Yang di-Pertua kerana turut memberikan saya peluang untuk berbahas dalam Rang Undang-undang Perbekalan 2018 ini. Bajet 2018 ini seperti yang diungkapkan oleh Yang Amat Berhormat Perdana Menteri ketika pembentangannya Jumaat lepas membayangkannya ia sebagai ibu segala bajet. Di atas segala butiran yang disampaikan oleh Yang Amat Berhormat Perdana Menteri, boleh saya katakan Bajet 2018 ini telah mencakupi keperluan pelbagai keperluan masyarakat tanpa mengira latar belakang kaum mahupun jantina merentasi pelba

[5] dn_2019-05-06 p.91: mperuntukkan Majlis Tindakan Negeri dipengerusikan oleh Yang Berhormat Menteri Kerajaan Persekutuan yang dilantik oleh Yang Amat Berhormat Perdana Menteri.

Urus setia kepada mesyuarat tersebut ialah Jabatan Pembangunan Persekutuan Negeri Kelantan yang mana Pengarah Pembangunan Negeri ataupun STSDO bertindak sebagai Setiausaha Mesyuarat. Kekerapan mesyuarat adalah setiap suku tahun dan mesyuarat pertama telah pun diadakan pada 7 Mac 2019.

Keahlian Majlis Tindakan Negeri ini seperti yang ditetapkan di bawah Arahan Nombor Satu 2018 terdiri daripada ketua-ketua jabatan agensi di peringkat negeri","5","5","5","5","Aiman","","5","5","5","5","","3","zai-org/GLM-5.2: The system's answer is identical to the golden answer, stating that the allocation for the Prime Minister's Department in 2018 reached RM17.4 billion. This is directly supported by the retrieved context [1] (dr_2017-10-31, ms. 39), which explicitly states 'Peruntukan Jabatan Perdana Menteri pada tahun 2018 mencecah RM17.4 billion.' The citation matches the golden reference exactly (dr_2017-10-31, ms. 39). The answer is fully faithful, correct, complete, and accurately cited.

Qwen/Qwen3.5-397B-A17B: The system's answer exactly matches the golden answer, stating that the allocation for the Prime Minister's Department in 2018 reached RM17.4 billion. This figure is directly supported by the retrieved context [1] (dr_2017-10-31, ms. 39), which explicitly states 'Peruntukan Jabatan Perdana Menteri pada tahun 2018 mencecah RM17.4 billion.' The citation matches the golden reference exactly (dr_2017-10-31, ms. 39). The answer is complete, correct, faithful, and properly cited.

moonshotai/Kimi-K2.6: The system's answer is identical to the golden answer, stating that the allocation for the Prime Minister's Department in 2018 reached RM17.4 billion. This is directly supported by the retrieved context [1] (dr_2017-10-31, ms. 39), which explicitly states 'Peruntukan Jabatan Perdana Menteri pada tahun 2018 mencecah RM17.4 billion.' The citation matches the golden reference exactly (dr_2017-10-31, ms. 39). The answer covers the complete question about the 2018 allocation figure.",""
"tp-0044","Sofia","dr_2026-03-02","14","Berapakah kutipan cukai pendapatan individu dan syarikat pada 2025?","Cukai pendapatan individu — RM44.86 bilion. Cukai pendapatan syarikat — RM97.03 bilion. Cukai Jualan — RM25.6 bilion. Cukai Perkhidmatan — RM30.3 bilion.","Kutipan cukai pendapatan individu pada 2025 ialah RM44.86 billion dan cukai pendapatan syarikat ialah RM97.03 billion (anggaran disemak).","[1] dr_2026-03-02 p.14: sekutuan, melainkan duti hiburan yang merupakan salah satu sumber hasil yang telah diserahhakkan kepada kerajaan negeri seperti yang termaktub di bawah Bahagian III Judual Kesepuluh Perlembagaan Persekutuan.

Berdasarkan Laporan Tinjauan Fiskal dan Anggaran Hasil Kerajaan Persekutuan 2026 yang diterbitkan oleh Kementerian Kewangan, anggaran disemak bagi kutipan hasil cukai pendapatan individu dan syarikat untuk tahun 2025 adalah masing-masing sebanyak RM44.86 billion dan RM97.03 billion. Jumlah kutipan hasil Cukai Jualan dan Cukai Perkhidmatan pula adalah sebanyak RM25.6 billion dan RM30.3 bil

[2] dr_2026-03-02 p.14: DR. 2.3.2026 14

**Tuan Syahredzan bin Johan [Bangi]:** Terima kasih. Baiklah, seterusnya saya jemput nombor 5, Tuan Chong Chieng Jen, Stampin.

**Tuan Chong Chieng Jen [Stampin]:** Terima kasih Tuan Yang di-Pertua. Soalan saya soalan 5.

**5. Tuan Chong Chieng Jen [Stampin]** minta Menteri Kewangan menyatakan jumlah pungutan cukai pendapatan individu dan syarikat dan Cukai Jualan dan Perkhidmatan pada tahun 2025 dan apakah anggaran untuk tahun 2026.

**Tuan Syahredzan bin Johan [Bangi]:** Menteri.

**Timbalan Menteri Kewangan [Tuan Liew Chin Tong]:** Terima kasih Yang Berhormat Yang di-Pertua

[3] dr_2026-03-02 p.15: DR. 2.3.2026 15

1040

Selain itu, pendapatan syarikat yang lebih tinggi khususnya daripada sektor perkhidmatan dan pembuatan serta pelaksanaan e-Invois secara berfasa mulai Ogos 2024, dijangka turut menyumbang kepada peningkatan hasil cukai korporat serta mengurangkan ketirisan dan meningkatkan pematuhan cukai.

Untuk maklumat Yang Berhormat juga, data kutipan sebenar hasil cukai langsung dan cukai tidak langsung bagi tahun 2025 boleh disemak melalui Penyata Kewangan Kerajaan Persekutuan 2025 apabila ia nya diterbit dan dimuat naik ke laman web Jabatan Akauntan Negara Malaysia dalam awal suku

[4] dr_2017-10-31 p.38: .

Tuan Yang di-Pertua, bagi tahun 2017, anggaran kutipan GST adalah sebanyak RM41.5 billion, dan untuk tahun 2018, anggaran kutipan GST adalah sebanyak RM43.8 billion- peningkatan sebanyak 5.5 peratus. Mengikut perkiraan saya, untuk menampung tambahan kutipan cukai GST sebanyak RM2.3 billion ini, setiap keluarga rakyat Malaysia perlu membayar tambahan GST sebanyak RM200. Setiap syarikat pula, tambahan sebanyak RM110. Kemungkinan tambahan ini berasaskan perbelanjaan pengguna yang lebih besar atau _greater consumer spending_ tetapi jika ini alasan Kerajaan Persekutuan, kerajaan jelas telah gaga

[5] dr_2017-10-31 p.38: 38 DR.31.10.2017

<tbc>merunsingkan saya adalah pengumuman Yang Amat Berhormat Perdana Menteri bahawa tujuh item cukai barangan dan perkhidmatan ataupun GST akan dilupuskan manakala cukai pendapatan individu bagi tiga kategori juga telah dikurangkan sebanyak dua peratus.

**1440**

Bagi setiap kategori khasnya golongan berpendapatan antara RM20,000 ke RM35,000 dari lima peratus ke tiga peratus. _Group_ RM35,000 ke RM50,000 dari 10 peratus ke lapan peratus dan RM50,000 ke RM70,000 dari 16 peratus ke 14 peratus. Kedua-dua pengumuman ini oleh Yang Amat Berhormat Pekan tidak sepadan dengan apa yan","5","4","4","5","Aiman","","5","5","3","5","","3","zai-org/GLM-5.2: The answer correctly states the 2025 revised estimates for individual (RM44.86 billion) and company (RM97.03 billion) income tax, fully supported by the retrieved context at dr_2026-03-02, ms. 14, matching the golden reference. However, it omits the Sales Tax (RM25.6 billion) and Service Tax (RM30.3 billion) figures that the golden answer includes, limiting completeness.

Qwen/Qwen3.5-397B-A17B: The answer correctly states the 2025 revised estimates for individual (RM44.86 billion) and company (RM97.03 billion) income tax, fully supported by the retrieved context at dr_2026-03-02, ms. 14, matching the golden reference. However, it omits the Sales Tax (RM25.6 billion) and Service Tax (RM30.3 billion) figures that the golden answer includes, limiting completeness.

moonshotai/Kimi-K2.6: The answer correctly states the 2025 revised estimates for individual (RM44.86 billion) and company (RM97.03 billion) income tax, fully supported by the retrieved context at dr_2026-03-02, ms. 14. However, it omits the Sales Tax (RM25.6 billion) and Service Tax (RM30.3 billion) figures that the golden answer includes, lowering completeness.",""
"tp-0013","Sofia","dr_2026-06-22","25","Apakah anugerah yang dirangkul oleh Tabung Haji?","Tabung Haji sekali lagi telah mengharumkan nama Malaysia di persada dunia apabila berjaya merangkul
Anugerah Diamond Labaytum daripada Kementerian Haji dan Umrah Arab Saudi. Pengiktirafan tertinggi ini diterima buat kali kedua berturut-turut, menjadikan
lima pengiktirafan antarabangsa telah diterima sejak tahun 2023.","Anugerah Diamond Labaytum daripada Kementerian Haji dan Umrah Arab Saudi.","[1] dr_2026-06-22 p.25: Yang di-Pertua:** Silakan Menteri .

**Timbalan Menteri di Jabatan Perdana Menteri (Hal Ehwal Agama) [Puan**

**Marhamah binti Rosli]:** Terima kasih Yang Berhormat Batu Pahat. _[Dicelah] [Ketawa]_ Tan Sri Yang di-Pertua, sebelum menjawab soalan ini, suka untuk saya membawa perhatian Ahli Yang Berhormat semua bahawa _alhamdullillah_, Tabung Haji sekali lagi telah mengharumkan nama Malaysia di persada dunia apabila berjaya merangkul Anugerah Diamond Labaytum daripada Kementerian Haji dan Umrah Arab Saudi

[2] dr_2026-06-22 p.26: DR. 22.6.2026 26

<tbc>_[Tepuk]_ Pengiktirafan tertinggi ini diterima buat kali kedua berturut-turut, menjadikan lima pengiktirafan antarabangsa telah diterima sejak tahun 2023. Kejayaan ini adalah hasil perancangan yang teliti dan berterusan.

Untuk makluman Ahli Yang Berhormat, pengurusan haji merupakan satu operasi skala besar yang mana setiap kali musim haji berakhir, Tabung Haji akan melaksanakan penilaian pasca haji secara menyeluruh dan mengadakan sesi libat urus dengan pihak berkuasa serta penyedia perkhidmatan di Arab Saudi dengan objektif untuk menambah baik aspek kebajikan, penguina

[3] dn_2019-05-06 p.101: golongan profesional Muslim yang mempunyai pengalaman luas serta diyakini mampu untuk memberi sumbangan serta kepakaran masing-masing demi untuk pemulihan dan kesinambungan Tabung Haji. Pelantikan anggota Lembaga Pengarah Tabung Haji seperti mana yang termaktub dalam seksyen 6(1), Akta Tabung Haji 1995 [Akta 535].

Pelaksanaan pelan pemulihan dan penstrukturan semula Tabung Haji yang melibatkan pemindahan aset-aset yang mengalami kejatuan nilai dan memberi pulangan rendah kepada sesebuah syarikat tujuan khas, Urusharta Jamaah Sdn. Berhad. maksudnya dilaksanakan pelan pemulihan tersebut. Langka

[4] dn_2019-05-06 p.101: DN 6.5.2019 101

Oleh sebab Tabung Haji ini dengan izin Tuan Yang di-Pertua ada core business ialah pengurusan pengoperasian haji. Jadi, kalau sekiranya itu yang dimaksudkan, kerajaan pada masa kini tidak berhasrat untuk melibatkan entiti lain termasuk Permodalan Nasional Berhad dalam menguruskan portfolio, aset Lembaga Tabung Haji.

Walau bagaimanapun, pihak Tabung Haji sentiasa membuka peluang untuk perkongsian pengetahuan bersama entiti-entiti lain demi untuk memperkasakan Tabung Haji. Buat masa ini, Tabung Haji diletakkan di bawah kawal selia Bank Negara Malaysia untuk mengukuhkan tahap ta

[5] dr_2026-06-22 p.27: DR. 22.6.2026 27

**Tuan Haji Onn bin Abu Bakar [Batu Pahat]:** Terima kasih Timbalan Menteri atas jawapan yang diberi. Soalan tambahan saya ialah apakah kerajaan atau Tabung Haji akan meningkatkan jumlah bantuan kepada jemaah, terutamanya golongan B40 sekiranya kos sebenar haji meningkat pada tahun hadapan? Terima kasih.

**Tuan Yang di-Pertua:** Baik, sila Menteri.

**Puan Marhamah binti Rosli:** Terima kasih Yang Berhormat Batu Pahat. Tan Sri Yang di-Pertua dan Ahli Yang Berhormat, seperti yang dimaklumkan sebelum ini, untuk musim haji yang kali ini, Tabung Haji menyediakan bantuan kewangan","5","5","5","5","Aiman","","5","5","3","5","","3","zai-org/GLM-5.2: The answer correctly names the Anugerah Diamond Labaytum from the Saudi Ministry of Hajj and Umrah, fully supported by the retrieved context (dr_2026-06-22, ms. 25), but omits the secondary details in the golden answer about it being the second consecutive time and the fifth international recognition since 2023.

Qwen/Qwen3.5-397B-A17B: The answer correctly identifies the Anugerah Diamond Labaytum from the Saudi Ministry of Hajj and Umrah, which is directly supported by the retrieved context (dr_2026-06-22, ms. 25) and matches the golden answer's core fact. However, it omits secondary details from the golden answer such as it being the second consecutive time and the fifth international recognition since 2023, so completeness is reduced. The citation points to the correct sitting and page.

moonshotai/Kimi-K2.6: The answer correctly names the Anugerah Diamond Labaytum from the Saudi Ministry of Hajj and Umrah, fully supported by the retrieved context (dr_2026-06-22, ms. 25) and matching the golden answer's core fact. However, it omits secondary details from the golden answer — that this was the second consecutive time receiving this highest recognition and that it marks five international recognitions since 2023 — so completeness is reduced.",""
"tp-0222","Syahir","kkdr_2026-07-14","7, 8","Apakah empat soalan utama yang dikemukakan oleh Kota Belud berhubung dana geran khas RM1.5 bilion?","Soalan merangkumi: (i) prosedur pematuhan keputusan mahkamah, (ii) asas formula ekonomi dan garis masa bayaran RM1.5 bilion, (iii) jaminan tiada pemotongan siling bajet operasi/pembangunan Sabah, dan (iv) pecahan hasil kutipan bersih Persekutuan di Sabah 2022-2025 di bawah Perkara 112C.","Empat soalan utama yang dikemukakan oleh Ahli Parlimen Kota Belud ialah:

1. **Prosedur dan mekanisme penyaluran** – Adakah prosedur pentadbiran yang sama akan diulangi dalam penyaluran dana RM1.5 bilion, dan apakah mekanisme baharu yang akan dilaksanakan bagi memastikan penyaluran kali ini mematuhi sepenuhnya keputusan Mahkamah Tinggi pada 17 Oktober 2025?

2. **Asas pengiraan jumlah** – Bagaimanakah angka RM1.5 bilion diperolehi? Apakah formula khusus dan parameter ekonomi yang digunakan oleh Kementerian Kewangan, serta adakah jumlah ini dihitung berdasarkan data kutipan bersih hasil Persekutuan di Sabah atau sekadar angka kompromi politik?

3. **Punca kuasa perundangan** – Adakah Kementerian Kewangan telah merujuk kepada Jabatan Peguam Negara (AGC) dan Peguam Besar Sabah bagi memastikan mekanisme pembayaran RM1.5 bilion mempunyai punca kuasa perundangan yang *court proof*, dan adakah perintah semakan baharu akan menyatakan dengan jelas bahawa kadar tersebut hanyalah bayaran interim sementara menunggu semakan berikutnya mengikut Perkara 112D?

4. **Tempoh, ketelusan dan mekanisme tetap** – Untuk tempoh berapakah kadar RM1.5 bilion ditetapkan (satu tahun kewangan, beberapa tahun, atau sehingga semakan baharu)? Adakah kerajaan bersedia menerbitkan metodologi penuh pengiraan, mewujudkan mekanisme tetap dan berkala bagi geran khas, serta membentangkan laporan berkala kepada Parlimen mengenai pelaksanaannya?","[1] kkdr_2026-07-14 p.7: KKDR.14.7.2026 7

# KENAIKAN BAYARAN GERAN KHAS SABAH KEPADA RM1.5 BILION, PROSEDUR DAN TATACARA PEMBAYARAN DAN PERKARA 112C PERLEMBAGAAN PERSEKUTUAN

**2.55 ptg.**

**Puan Isnaraissah Munirah binti Majilis @ Fakharudy [Kota Belud]:** Tuan Yang di-Pertua, usul saya pada hari ini adalah untuk membangkitkan mengenai keputusan terbaharu Kerajaan Persekutuan untuk meningkatkan pembayaran geran khas Sabah di bawah Perkara 112D sebanyak RM1.5 billion dan hak Sabah di bawah perkara 112C Perlembagaan Persekutuan.

Isu ini adalah mustahak memandangkan Mahkamah Tinggi Kota Kinabalu pada 17 Oktober 2025 

[2] kkdr_2026-07-14 p.10: 10 KKDR.14.7.2026

<tbc>Persekutuan serta kutipan hasil bukan cukai oleh agensi Kerajaan Persekutuan di Sabah seperti Jabatan Pengangkutan Jalan dan Jabatan Imigresen Malaysia.

Secara kesimpulan, Kerajaan Persekutuan melalui platform Majlis Tindakan Pelaksanaan Perjanjian Malaysia 1963 dan tanpa memprejudiskan hak Kerajaan Persekutuan dalam rayuan terhadap keputusan Mahkamah Tinggi Sabah bagi kes Sabah Law Society di Mahkamah Rayuan, komited meneruskan rundingan amaun pemberian khas dengan Kerajaan Negeri Sabah untuk merumuskan kaedah baharu menentukan perkiraan amaun pemberian khas pada masa

[3] kkdr_2026-07-14 p.10: RM1.5 billion ini ditetapkan. Adakah jumlah tersebut merupakan bayaran bagi satu tahun kewangan, berapa tahun kewangan atau sehingga suatu semakan baharu dibuat? Di sampling itu, adakah kerajaan bersedia menerbitkan metodologi penuh pengiraan tersebut termasuk parameter ekonomi, data fiskal, andaian serta kaedah pengiraan yang digunakan supaya proses penentuan geran khas dapat dinilai secara telus oleh Parlimen, kerajaan Sabah dan juga rakyat Sabah?

Selain itu, adakah kerajaan bercadang untuk mewujudkan suatu mekanisme yang tetap dan berkala bagi geran khas Sabah supaya kadar geran khas pada 

[4] kkdr_2026-07-14 p.0: K A N D U N G A N

UCAPAN DI BAWAH USUL BERKENAAN PERKARA TADBIR KERAJAAN [P.M. 17]:

• Keperluan Segera Transformasi Urusan Pilihan Raya, Penguatkuasaan Tegas Larangan Telefon Bimbit dan Hak Undi Pos Merentas Wilayah Dalam Malaysia

_-YB. Puan Isnaraissah Munirah binti Majilis @ Fakharudy (Kota Belud)_

• Kenaikan Bayaran Geran Khas Sabah Kepada RM1.5 Bilion, Prosedur dan Tatacara Pembayaran dan Perkara 112C Perlembagaan

_-YB. Puan Isnaraissah Munirah binti Majilis @ Fakharudy (Kota Belud)_

• Kekalkan Peruntukan RM70 Juta Program Perkhidmatan Tanah Adat Negeri Sabah (PANTAS)

_-YB. Datuk Se

[5] kkdr_2026-07-14 p.10: 5 yang membatalkan perintah semakan sebelum ini, adakah Kementerian Kewangan telah merujuk kepada Jabatan Peguam Negara (AGC) dan Peguam Besar Sabah bagi memastikan mekanisme pembayaran RM1.5 billion yang baharu ini mempunyai punca kuasa perundangan yang _court proof_? Saya juga ingin tahu adakah perintah semakan yang baharu akan menyatakan dengan jelas bahawa kadar RM1.5 billion tersebut hanyalah satu bayaran interim sementara menunggu semakan berikutnya mengikut Perkara 112D Perlembagaan Persekutuan supaya tidak timbul sebarang kekeliruan mengenai tempoh kuat kuasa atau sifat pembayaran ters","4","3","3","4","Afrina","","5","3","3","3","","3","zai-org/GLM-5.2: The answer faithfully lists four questions drawn from the retrieved Hansard text, but the golden answer's four questions differ: the golden set includes (iii) assurance of no cuts to Sabah's operating/development budget ceiling and (iv) breakdown of net Federal revenue collected in Sabah 2022-2025 under Article 112C, whereas the system's third and fourth questions (legal standing/AGC referral and duration/transparency) are not in the golden set, and the golden items (iii) and (iv) are omitted. Citations include the correct sitting and page 7 but add pages 10 and 0, which are not in the golden reference (ms. 7, 8).

Qwen/Qwen3.5-397B-A17B: The answer faithfully lists four questions drawn from the retrieved Hansard text, but the golden answer's four questions differ: the golden set includes (iii) jaminan tiada pemotongan siling bajet operasi/pembangunan Sabah and (iv) pecahan hasil kutipan bersih Persekutuan di Sabah 2022-2025 di bawah Perkara 112C, which the system answer omits, instead including legal standing and duration/transparency questions. The citation includes ms. 10 and ms. 0 beyond the golden reference pages 7-8, so it is not an exact page match.

moonshotai/Kimi-K2.6: Semua empat soalan dalam jawapan disokong terus oleh konteks ms. 7 dan ms. 10, tetapi ia menggugurkan dua elemen yang dinyatakan dalam jawapan emas — jaminan tiada pemotongan siling bajet operasi/pembangunan Sabah dan pecahan hasil kutipan bersih Persekutuan di Sabah 2022-2025 di bawah Perkara 112C — manakala rujukan ms. 10 dan ms. 0 tidak sepadan dengan halaman emas ms. 8.",""
"tp-0263","Syahir","kkdr_2026-07-15","9","Bilakah sesi libat urus kajian struktur pampasan gig diadakan di Sabah dan kawasan manakah yang terlibat?","Sesi libat urus telah dilaksanakan secara fizikal di Kota Kinabalu pada 11 Mei 2026 di samping sesi libat urus dalam talian yang melibatkan perwakilan pekerja gig dari kawasan Keningau, Sandakan dan Kudat.","Sesi libat urus secara fizikal telah diadakan di Kota Kinabalu pada 11 Mei 2026. Sesi secara atas talian turut diadakan pada tarikh yang sama, melibatkan wakil-wakil dari Keningau, Sandakan dan Kudat.","[1] kkdr_2026-07-15 p.9: di Malaysia_ sedang dijalankan mengambil kira input dan pandangan pemegang taruh _stakeholder_ di Sabah. Betul itu soalan dia Yang Berhormat? Dalam menjalankan kajian bertajuk struktur pampasan yang adil bagi pekerja gig di Malaysia, pihak perunding telah menjalankan sesi libat urus di seluruh Malaysia. Sesi ini telah melibatkan pelbagai pemegang taruh yang terdiri daripada pekerja gig daripada pelbagai platform dan bukan platform, entiti kontrak majikan, persatuan pekerja gig, kementerian-kementerian serta agensi yang berkaitan.

Bagi Sabah, sesi libat urus telah diadakan secara fizikal di Ko

[2] kkdr_2026-07-15 p.9: ganteng._

Sekiranya entiti kontrak majikan mengubah terma kontrak tanpa persetujuan pekerja gig yang merupakan satu pertikaian kerana ia telah melanggar hak pekerja sebagaimana yang dinyatakan di bawah perenggan 8(1)(F). 8(1)(F) Akta Pekerja Gig 2025 [_Akta 872_]. Ini termasuklah perubahan kadar lantai, kadar komisen dan lain-lain lagi. Pekerja gig hendaklah membuat aduan melalui mekanisme kilanan dalaman yang terdapat di syarikat dan sekiranya pertikaian tidak selesai, pekerja gig boleh membuat aduan terus kepada pihak KESUMA melalui sistem eAduan yang boleh diakses secara atas talian.

Adua

[3] kkdr_2026-07-15 p.9: KKDR.15.7.2026 9

<tbc>_Hitam-hitam si buah manggis;_

_Timbalan Menteri juga manis._

Soalan tambahan. Saya ingin mendapatkan pencerahan berkenaan tadi Timbalan Menteri ada menyatakan berkenaan dengan _contract of service_. Jadi, apakah hak pekerja gig sekiranya entiti kontrak kepada -- yang disediakan oleh majikan itu mengubah terma kontrak tanpa persetujuan pekerja tersebut. Pertama.

Yang kedua, adakah pihak perunding bagi kajian bertajuk _Struktur Pampasan Yang Adil Bagi Pekerja Gig di Malaysia_ sedang dijalankan mengambil kira input dan juga pandangan pemegang taruh atau _stakeholder_ di

[4] kkdr_2026-07-15 p.8: 8 KKDR.15.7.2026

<tbc>MPGig, persatuan-persatuan yang mewakili pekerja gig yang dilantik menjadi anggota majlis boleh berunding, memberi idea serta memperjuangkan hak-hak pekerja gig termasuk isu komisen dan kadar tambang.

Untuk makluman Dewan yang mulia, berkaitan cadangan mengkaji semula kadar tambang minimum agar selaras dengan peningkatan kos sara hidup dan kos operasi semasa, satu kajian bertajuk Struktur Pampasan Yang Adil Bagi Pekerja Gig Di Malaysia sedang dijalankan. Skop kajian ini meliputi penetapan kadar pendapatan minimum, floor earnings, pembangunan formula pengiraan dan peneta","5","5","5","5","Afrina","","5","5","5","5","","3","zai-org/GLM-5.2: The answer accurately states that the physical engagement session was held in Kota Kinabalu on 11 May 2026, and that online sessions on the same date involved representatives from Keningau, Sandakan and Kudat, all directly supported by the retrieved context. It matches the golden answer on every checkable fact, covers both parts of the question (physical session and online session areas), and cites the correct sitting and page (kkdr_2026-07-15, ms. 9).

Qwen/Qwen3.5-397B-A17B: The answer accurately states that the physical engagement session was held in Kota Kinabalu on 11 May 2026, and that an online session on the same date involved representatives from Keningau, Sandakan and Kudat, all directly supported by the retrieved context on page 9. It matches the golden answer on every checkable fact, covers both parts of the question (physical session and online session areas), and cites the correct sitting and page.

moonshotai/Kimi-K2.6: The answer accurately states that the physical engagement session was held in Kota Kinabalu on 11 May 2026, and that online sessions on the same date involved representatives from Keningau, Sandakan and Kudat, matching both the golden answer and the retrieved context. The citation to kkdr_2026-07-15, ms. 9 is correct.",""
"tp-0293","Syahir","kkdr_2026-07-16","11","Apakah status perancangan pemeteraian perjanjian rasmi G2G antara Kerajaan Malaysia dan Republik Perancis bagi REE?","Kerjasama kerajaan-ke-kerajaan kini dicadangkan dalam bentuk Memorandum Persefahaman (MOU) G2G yang disasarkan untuk ditandatangani di Malaysia menjelang akhir tahun 2026.","Pada awalnya, kedua-dua pihak berhasrat memformalisasikan kerjasama melalui _declaration of intent_. Namun, berdasarkan semakan perundangan, kerjasama tersebut kini dicadang untuk dimeterai melalui memorandum persefahaman (MOU) antara Kerajaan Malaysia dan Kerajaan Republik Perancis, yang disasarkan untuk ditandatangani di Malaysia menjelang akhir tahun 2026.","[1] kkdr_2026-07-16 p.11: tersebut kini dicadang untuk dimeterai melalui memorandum persefahaman (MOU) antara Kerajaan Malaysia dan Kerajaan Republik Perancis, yang disasarkan untuk ditandatangani di Malaysia menjelang akhir tahun ini, tahun 2026. Susulan persefahaman yang dicapai antara Presiden Republik Perancis dan Yang Amat Berhormat Perdana Menteri semasa lawatan rasmi Yang Amat Berhormat Perdana Menteri ke Perancis, pihak Perancis menyatakan komitmen yang tinggi terhadap pembangunan perkongsian strategik antara syarikat Carester dan Malaco.

Dua keutamaan ditekankan adalah pelaksanaan pemindahan teknologi yang me

[2] kkdr_2026-07-16 p.11: KKDR.16.7.2026 11

<tbc>Soalan kedua ialah berkenaan dengan apakah hasil susulan daripada lawatan dan penglibatan pihak Perancis. Seterusnya, kita juga hendak maklumkan kepada Yang Berhormat ada kunjungan hormat ke atas Yang Berhormat Menteri Sumber Asli dan Kelestarian Alam oleh T.Y.T. Nicolas Forissier, _Minister Delegate for Foreign Trade and Economic Attractiveness_, Republik Perancis telah diadakan pada 8 Julai 2026, baru seminggu yang lalu. Kunjungan tersebut turut disertai oleh Duta Besar Perancis ke Malaysia, pegawai- pegawai tinggi Kerajaan Perancis, serta delegasi perniagaan Perancis

[3] kkdr_2026-07-16 p.11: tanah, sehinggalah kepada teknologi pemisahan REE di peringkat pertengahan (_midstream_). Sebahagian proses akan dilaksanakan di Perancis dan sebahagian lagi di Malaysia bagi menjamin kestabilan rantaian bekalan kedua-dua negara. Syarikat berkenaan juga menegaskan perjanjian Carester-Malaco merupakan kontrak komersial, yang mana Carester tidak melabur secara langsung dalam aktiviti perlombongan, sebaliknya berkongsi teknologi bagi memastikan operasi lombong mematuhi sepenuhnya piawaian ESG.

Soalan ketiga berkenaan dengan status sebenar fasa loji perintis atau _pilot plant_. Untuk makluman Yan

[4] kkdr_2026-07-16 p.9: atan rasmi Yang Amat Berhormat Perdana Menteri ke Perancis?;

(ii) apakah hasil susulan daripada lawatan dan penglibatan pihak Perancis, termasuk utusan khas mineral kritikal Perancis, terhadap projek nadir bumi di Perak?;

(iii) apakah status sebenar fasa loji perintis atau _pilot plant_ bagi perlombongan dan penapisan nadir bumi?;

(iv) bilakah -- apakah garis masa penuh kerajaan untuk mengoperasikan projek ini, termasuk fasa kajian, kelulusan, perlesenan, pembinaan pilot plant, pembinaan loji berskala besar dan operasi komersial?;

(v) apakah status kelulusan berkaitan lokasi projek, sumber","5","5","5","5","Afrina","","5","5","5","5","","3","zai-org/GLM-5.2: The answer directly quotes the retrieved context from kkdr_2026-07-16, ms. 11, accurately stating the shift from declaration of intent to G2G MOU targeted for signing in Malaysia by end of 2026, matching the golden answer in every checkable fact.

Qwen/Qwen3.5-397B-A17B: The answer directly mirrors the golden answer and the retrieved context (kkdr_2026-07-16, ms. 11), stating the G2G cooperation is proposed as an MOU targeted for signing in Malaysia by end of 2026, with no unsupported claims and an exact citation match.

moonshotai/Kimi-K2.6: The answer accurately reflects the retrieved context and golden answer, stating that the G2G cooperation is now proposed as an MOU targeted for signing in Malaysia by end of 2026, with correct citation to kkdr_2026-07-16, ms. 11.",""
"tp-0345","Amirah","dn_2020-09-22","12","Berapakah peratus dan bilangan negara di dunia yang telah mempunyai institusi ombudsman?","Lebih kurang 60 peratus, iaitu 115 daripada 195 buah negara.","Lebih kurang 60 peratus daripada negara di dunia telah mempunyai institusi ombudsman, iaitu 115 daripada 195 buah negara.","[1] dn_2020-09-22 p.12: ang- undang) [Datuk Haji Shabudin Yahaya]:** _Assalamualaikum warahmatullahi wabarakatuh_, Tuan Yang di-Pertua. Yang Berhormat Senator Tuan Liew Chin Tong minta supaya kita menjelaskan komitmen kerajaan melaksanakan Ombudsman Malaysia untuk menggantikan Biro Pengaduan Awam sebagai usaha meningkatkan kecekapan dan ketelusan tadbir urus awam.

Tuan Yang di-Pertua, untuk makluman Ahli Yang Berhormat, ombudsman merupakan satu platform untuk orang awam menyalurkan aduan terhadap sistem penyampaian perkhidmatan awam serta memastikan kerajaan berfungsi secara cekap dan berkesan ke arah demokrasi yang

[2] dn_2020-09-22 p.12: binet Mengenai Anti Rasuah pada 21 September 2018 telah bersetuju dengan penubuhan sistem Ombudsman Malaysia dalam perkhidmatan awam. Seterusnya pada 19 Oktober 2019, Jemaah Menteri telah bersetuju dengan keputusan Jawatankuasa Khas Kabinet Mengenai Anti Rasuah tersebut, dan pada 1 November 2019, kerajaan telah bersetuju dengan penetapan dasar penubuhan Ombudsman Malaysia.

Kini, kerajaan komited ke arah memperkasakan Biro Pengaduan Awam (BPA) kepada Ombudsman Malaysia bagi pengurusan aduan awam. BPA telah meneliti model dan undang-undang ombudsman di sembilan buah negara lain seperti _United 

[3] dn_2026-02-26 p.89: kukuh perlindungan pemberi maklumat. Ombudsman melengkapkan sistem, membina integriti secara preventif dan menutup ruang kelemahan prosedur sebelum ia disalahgunakan.

Di negara maju Sweden, Singapura dan Korea Selatan, ombudsman berperanan menjadi benteng integriti dan memulihkan keyakinan rakyat terhadap perkhidmatan awam. Tuan Yang di-Pertua, perlu ditegaskan bahawa rasuah adalah soal nafsu. Gaji tinggi atau rendah bukan jaminan seseorang tidak mengambil rasuah. Pokoknya, kita mesti menutup ruang dan peluang rasuah sebelum ia menular dan merosakkan sistem. SPRM menegakkan undang-undang. Omb

[4] dn_2026-02-26 p.89: endali sekiranya kadar kegagalan melebihi ambang yang ditetapkan?

Tuan Yang di-Pertua, peringatan tegas Duli Yang Maha Mulia Seri Paduka Baginda Yang di-Pertuan Agong bahawa rasuah ini ramai membawa isu ini ya. Rasuah, tapi saya tetap juga bawa juga. Penting ya bahawa rasuah mesti diperangi habis-habisan tiba tepat pada masanya. Sudah tiba tepat pada masanya.

Rasuah adalah barah ya. Melemahkan institusi, menghakis keyakinan rakyat dan merosak ketamadunan bangsa. Usaha Kerajaan MADANI membangunkan ekonomi berdaya saing boleh terjejas jika barah ini dibiarkan berleluasa. Dalam konteks ini, say

[5] dn_2020-09-22 p.1: 18 September 2020, nilai Ringgit telah menyusut sebanyak 0.5 peratus. Penyusutan nilai Ringgit disebabkan oleh ketidaktentuan berkaitan perkembangan geopolitik, kemerosotan sentimen pelabur dalam pasaran kewangan dunia berikutan kebimbangan ketara membabitkan penularan COVID-19 dan kejatuhan harga minyak global.

Namun demikian, memandangkan negara masih merupakan pengeksport bersih, mata wang Ringgit yang kompettif mempunyai kelebihan secara amnya. Semenjak akhir bulan Mac, sentimen pelabur dalam pasaran kewangan dunia menjadi semakin positif berikutan pelaksanaan segera tindak balas dasar ol","5","5","5","5","Afrina","","5","5","5","5","","3","zai-org/GLM-5.2: The answer directly quotes the retrieved context from dn_2020-09-22, ms. 12, which states 'Lebih kurang 60 peratus daripada negara di dunia ini telah mempunyai institusi ombudsman iaitu 115 daripada 195 buah negara.' This matches the golden answer exactly on both the percentage (60%) and the numbers (115 of 195). The citation points to the exact sitting and page given in the golden reference. Every factual claim is supported by the retrieved context, and the answer covers the full scope of the question.

Qwen/Qwen3.5-397B-A17B: The answer directly quotes the retrieved context from dn_2020-09-22, ms. 12, which states 'Lebih kurang 60 peratus daripada negara di dunia ini telah mempunyai institusi ombudsman iaitu 115 daripada 195 buah negara.' This matches the golden answer exactly on both the percentage (60%) and the numbers (115 out of 195). The citation points to the exact sitting and page specified in the golden reference. Every factual claim is supported by the retrieved context, and the answer covers the complete scope of the question.

moonshotai/Kimi-K2.6: The answer directly states the 60% figure and 115 out of 195 countries, which is exactly supported by the retrieved context from dn_2020-09-22, ms. 12. The citation matches the golden reference exactly.",""
"tp-0103","Amirah","dn_2026-03-02","21","What is the National Semiconductor Strategy (NSS) target for skilled engineers by 2030, and how many have been trained so far?","Kerajaan menyasarkan 60,000 jurutera dan tenaga kerja berkemahiran tinggi menjelang 2030. Setakat 2024 bermula NSS hingga Januari 2026, 18,082 orang jurutera dan pekerja teknikal telah dilatih.","The NSS targets 60,000 skilled engineers and high-skilled workers by 2030. From the start of NSS in 2024 until January 2026, 18,082 engineers and technical workers have been trained.","[1] dn_2026-03-02 p.20: mbolehkan pemain industri mengakses bekalan tenaga hijau secara terus daripada penjana tenaga bebas. Loji jana kuasa solar industri, pembangunan ladang solar khusus di sekitar MVV 2.0 untuk membekalkan tenaga bersih terus kepada kilang-kilang di NSSV.

Sistem pengurusan sisa pintar, penyediaan fasiliti rawatan sisa industri berpusat yang mematuhi piawaian antarabangsa bagi meminimumkan jejak karbon industri. Dengan keseluruhan inisiatif ini, kerajaan yakin NSS akan berjaya memartabatkan industri semikonduktor ke tahap yang lebih tinggi, mengukuhkan kedudukan Malaysia dalam rantaian bekalan glo

[2] dn_2026-03-02 p.19: dengan panjang.

Tuan Yang di-Pertua, Strategi Semikonduktor Nasional atau _National Semiconductor Strategy_ (NSS) ini kini berada dalam fasa pelaksanaan aktif dengan penekanan kepada pengukuhan rantaian nilai teknologi tinggi, pembangunan modal insan berkemahiran serta pemilikan dan pengkomersialan harta intelek tempatan selaras dengan Pelan Induk Perindustrian Baharu 2030 iaitu NIMP 2030.

Dari segi pencapaian NSS bagi tempoh Januari 2024 hingga September 2025, kerajaan telah merekodkan kemasukan pelaburan dalam sektor semikonduktor berjumlah RM59.85 billion.

Ini _real life_ ya. Maksudnya p

[3] dn_2026-03-02 p.21: udnya di Malaysia ini kita sudah lama bertapak _semiconductor industry_ E&E, 50 tahun. Dan kita mempunyai bakat yang bukan kata mencukupi, tetapi yang mempunyai bakat tertentu, satu kluster yang sangat besar, maka kita bermula dari situ.

Jadi apa yang kita lakukan adalah, sekarang kerajaan menyasarkan RM60,000 dari _segi jurutera dan tenaga kerja berkemahiran tinggi menjelang 2030. Setakat sekarang, 2024 bermula NSS hingga Januari 2026, kita telah berjaya melatih 18,082 orang jurutera dan pekerja teknikal telah dilatih._

Jadi maksudnya, kita pun bertungkus lumus untuk melatih lebih banyak ba

[4] dn_2026-03-02 p.19: DN 2.3.2026 19

## 6. Senator Dato’ Wu Him Ven minta Menteri Pelaburan, Perdagangan dan Industri menyatakan:

(a) status terkini dan pencapaian Kementerian dalam melaksanakan Fasa 1 Strategi Semikonduktor Nasional (NSS) setakat Januari 2026 dan sejauh manakah NSS telah mengintegrasikan pembangunan _NS Semiconductor Valley_ (NSSV) di dalam koridor _Malaysia Vision Valley_ 2.0 (MVV 2.0); dan

(b) sokongan kewangan yang disediakan kepada pemain industri semikonduktor di bawah Strategi Semikonduktor Nasional (NSS) dan Belanjawan 2026 serta senarai infrastruktur fizikal dan utiliti yang telah dan s

[5] dn_2026-03-02 p.22: NSS. Inisiatif ini adalah sebahagian daripada strategi untuk melahirkan syarikat pemain utama tempatan yang berupaya bersaing di peringkat antarabangsa, selaras dengan sasaran nasional 10 daripada 100 syarikat semikonduktor global. Maksudnya, kerajaan ingin memupuk local company menjadi local champion— 10 syarikat, kita nak _push_ supaya mereka mempunyai _turnover_ yang USD1 billion dan 100 syarikat mempunyai _turnover_ RM1 billion.

Jadi, dengan mempunyai syarikat-syarikat tempatan, maka dia akan _create_ ekosistem yang lebih komprehensif. Kita tidak boleh hanya menjadi— menarik pelabur darip","5","5","5","3","Afrina","","5","5","5","5","","3","zai-org/GLM-5.2: The answer directly states the NSS target of 60,000 skilled engineers and high-skilled workers by 2030 and the figure of 18,082 engineers and technical workers trained from 2024 to January 2026, both of which are explicitly supported by the retrieved context (dn_2026-03-02, ms. 21). The answer matches the golden answer on all checkable facts and covers all parts of the question. The citation includes the correct sitting and page (dn_2026-03-02, ms. 21).

Qwen/Qwen3.5-397B-A17B: The answer accurately reflects the golden answer and the retrieved context, stating the NSS target of 60,000 skilled engineers and high-skilled workers by 2030 and the 18,082 engineers and technical workers trained from 2024 to January 2026. The citation points to the correct sitting (dn_2026-03-02) and page (ms. 21) as specified in the golden reference.

moonshotai/Kimi-K2.6: The answer's claims (60,000 target by 2030; 18,082 trained from 2024 to Jan 2026) are directly supported by the retrieved context at dn_2026-03-02, ms. 21, which is also cited by the system and matches the golden reference exactly.",""
"tp-0153","Amirah","dn_2026-07-20","21","Berapakah jumlah penerima SARA bulanan dan penerima SARA untuk semua?","Hampir sembilan juta penerima SARA bulanan serta 22 juta penerima SARA untuk semua.","Hampir sembilan juta penerima SARA bulanan dan 22 juta penerima SARA untuk semua.","[1] dn_2026-08-03 p.32: manfaatkan hampir sembilan juta penerima SARA bulanan serta 22 juta penerima SARA untuk semua.

Berdasarkan kadar penggunaan bulanan SARA yang mencecah 99 peratus, pendekatan pelaksanaan SARA melalui penggunaan MyKad terbukti berkesan, mudah digunakan oleh penerima serta memastikan bantuan terus sampai kepada golongan sasar. Sekian, terima kasih.

**Tuan Yang di-Pertua:** Soalan tambahan.

**Tan Sri Dato’ Low Kian Chuan:** Terima kasih Yang Berhormat Menteri atas jawapan yang terperinci. Soalan tambahan saya, mohon penjelasan daripada Yang Berhormat Menteri sama ada bercadang untuk mengkaji se

[2] dn_2026-07-20 p.21: DN 20.7.2026 21

<tbc>runcit kecil sebagai rakan SARA kepada lebih 6,000 premis dan dijangka meningkat dari masa ke semasa.

Dalam masa yang sama, terdapat 140,000 produk atau barangan yang boleh diperolehi di bawah pelaksanaan SARA, antaranya beras, kicap, tepung, biskut, garam, gula, roti, telur, susu formula bayi, lampin dewasa atau bayi, sabun mandian, produk cucian lantai, alat tulis, pakaian sekolah dan ayam sejuk beku serta makanan laut sejuk beku bagi memanfaatkan hampir sembilan juta penerima SARA bulanan serta 22 juta penerima SARA untuk semua.

Untuk makluman Yang Berhormat, jumlah 

[3] dr_2026-06-22 p.81: empat belas pada awal tahun ini ditambah kategori ke-lima belas untuk memastikan bantuan kerajaan dimanfaatkan sepenuhnya untuk keperluan asas isi rumah.

Pada tahun 2024, sejumlah 700 sahaja penerima SARA setiap bulan, meningkat pada tahun 2025 kepada lima juta dan pada tahun ini sebanyak 8.1 juta rakyat Malaysia layak menerima bantuan bulanan di bawah Skim SARA ini selain daripada semua rakyat Malaysia yang dianggarkan yang berusia 18 tahun yang dianggarkan 22 juta orang layak mendapat SARA untuk semua. Untuk tahun ini telah dikreditkan ke dalam MyKad semua rakyat Malaysia, termasuk Ahli-Ahl

[4] dn_2026-08-03 p.32: mbantu meningkatkan penyertaan dan pertumbuhan peniaga kecil dalam ekosistem peruncitan tempatan. Selain itu, kebanyakan kedai serbaneka juga tidak menepati syarat penjualan barang asas yang ditetapkan di bawah program SARA yang antaranya juga membekalkan beras dan minyak masak.

Dengan ketetapan perutusan tahun baru 2026 oleh Yang Amat Berhormat Perdana Menteri, kerajaan telah menyasarkan untuk meningkatkan kedai runcit kepada 10,000 kedai menjelang hujung tahun ini. Dan jarak kedai runcit terdekat dikurangkan daripada 10 kilometer ke tujuh kilometer. Bilangan rakan niaga SARA ini akan terus 

[5] dn_2026-03-02 p.40: rakyat tetap terbela. Maka sebab itu, penjimatan hasil reformasi fiskal sebahagiannya disalurkan semula kepada bantuan sosial seperti STR dan SARA.

Peruntukan STR dan SARA meningkat tertinggi dalam sejarah iaitu RM15 billion berbanding Bantuan Rakyat 1Malaysia yang berjumlah RM6 billion dan Bantuan Keluarga 1Malaysia RM8 billion. Bilangan penetrima bantuan terus meningkat daripada tujuh juta kepada sembilan juta orang. Untuk tahun 2026, sebanyak RM1 billion diperuntukkan untuk membantu dengan cabaran kos sara hidup, termasuk RM600 juta untuk Payung RAHMAH. Seperti yang diumumkan KPDN, sepanja","4","5","5","3","Afrina","","5","5","5","5","","3","zai-org/GLM-5.2: The answer exactly matches the golden answer and is directly supported by the retrieved context (dn_2026-07-20, ms. 21 and dn_2026-08-03, ms. 32), which states 'hampir sembilan juta penerima SARA bulanan serta 22 juta penerima SARA untuk semua'. The citation includes the exact sitting and page from the golden reference.

Qwen/Qwen3.5-397B-A17B: The answer exactly matches the golden answer and is directly supported by the retrieved context (dn_2026-07-20, ms. 21 and dn_2026-08-03, ms. 32), which states 'hampir sembilan juta penerima SARA bulanan serta 22 juta penerima SARA untuk semua'. The citation includes the exact sitting and page from the golden reference.

moonshotai/Kimi-K2.6: The system's answer exactly matches the golden answer, stating 'hampir sembilan juta penerima SARA bulanan serta 22 juta penerima SARA untuk semua,' which is directly supported by the retrieved context (dn_2026-08-03, ms. 32 and dn_2026-07-20, ms. 21). The golden reference is dn_2026-07-20, ms. 21, which is among the cited sources, so citation accuracy is perfect.",""
"tp-0161","Amirah","dn_2026-08-04","2","Sehingga bilakah pengecualian duti CKD bagi kenderaan elektrik diberikan?","31 Disember 2027.","Sehingga 31 Disember 2027.","[1] dn_2026-08-04 p.2: DN 4.8.2026 2

PERTANYAAN-PERTANYAAN BAGI JAWAB LISA

Timbalan Yang di-Pertua: Saya persilakan Yang Berhormat Tan Sri Low Kian Chuan.

Tan Sri Dato’ Low Kian Chuan: Selamat pagi, samam sejahtera. Yang Berhormat Datuk Yang di-Pertua, soalan saya nombor 1.

1. Tan Sri Dato’ Low Kian Chuan minta Menteri Pelaburan, Perdagangan dan Industri menyatakan:

(a) apakah perkembangan terkini berhubung loji pemasangan BYD di Malaysia sebagai pengeluar kenderaan elektrik yang telah memenuhi keperluan lokalisasi bagi melayakkan kadar cukai keutamaan di bawah skim Completely Knocked Down (CKD); dan

(b) senar

[2] dn_2026-08-04 p.2: ti import, duti eksais dan juga cukai jualan bagi kenderaan Completely Knocked Down (CKD) sehingga 31st December 2027. Walau bagaimanapun, kelayakan menikmati insentif tersebut adalah tertakluk kepada pematuhan terhadap peruntukan di bawah Peraturan Kastam 1988 serta syarat-syarat lain yang telah ditetapkan oleh kerajaan.

Mengenai Syarikat BYD yang telah dikemukakan oleh Yang Berhormat, setakat ini MITI tidak menerima sebarang makluman rasmi sama ada mereka akan meneruskan atau tidak pelaburan yang akan dilakukan di Tanjong Malim dengan syarat-syarat yang telah ditetapkan oleh kerajaan.

Untu

[3] dn_2026-02-26 p.18: DN 26.2.2026 18

(ii) pengecualian cukai bagi barangan peribadi kecuali kenderaan bermotor;

(iii) pengecualian duti eksais sehingga RM100,000 bagi kenderaan pemasangan tempatan CKD; dan

(iv) pemberian taraf pemastautin tetap: _permanent resident_ kepada pasangan dan anak berumur di bawah 18 tahun yang memegang kewarganegaraan asing melalui pengeluaran permit masuk daripada Jabatan Imigresen Malaysia.

Seiring itu, inisiatif _knowledge worker_ (KW) di Zon Ekonomi Khas Johor-Singapura (JS-SEZ) turut diperkenalkan. Melalui inisiatif ini, diaspora Malaysia yang kembali bekerja di JS-SEZ dalam se

[4] dn_2020-09-22 p.66: wa harta penyewa tidak boleh ditahan sekiranya penyewa gagal membayar sewa dalam tempoh 18 Mac 2020 sehingga 31 Ogos 2020.

Bahagian XI memberikan pengecualian bagi tempoh 18 Mac 2020 sehingga 31 Ogos 2020 dalam pengiraan caj pembayaran lewat penyerahan milikan kosong dan tempoh liabiliti kecacatan. Bahagian ini memperuntukkan kuasa kepada Menteri untuk melanjutkan tempoh pengecualian sehingga 31 Disember 2020.

Bahagian XII memberikan pengecualian bagi tempoh 18 Mac 2020 sehingga 9 Jun 2020 daripada pengiraan tempoh bagi pemberian pengiktirafan, membuat laporan dan pemfailan representasi peke

[5] dr_2004-06-14 p.81: arikh 1 Mac 2004)

Yang dibentangkan di hadapan Majlis ini sebagai Kertas-kertas Statut Bil. ST.80, ST.81 dan ST.114 Tahun 2004 disahkan.""

Tuan Yang di-Pertua, Kertas Perintah Duti Eksais 2004 (P.U. (A) 5 bertarikh 1 Januari 2004 - Perintah ini bertujuan untuk melaksanakan keputusan kerajaan untuk menenakan Duti Eksais di bawah struktur cukai baru ke atas kereta penumpang, motosikal, motor dan produk tembakau, minuman keras, daun terup dan mahjong tempatan dan yang diimport berkuat kuasa pada 1 Januari 2004.

Perintah Duti Eksais (Kenderaan Bermotor) (Bayanan) 2004 - (P.U. (A) 6 bertarikh 30 ","5","5","5","5","Afrina","","5","5","5","5","","3","zai-org/GLM-5.2: The answer correctly states the CKD duty exemption for electric vehicles is given until 31 December 2027, which is directly supported by the retrieved context from dn_2026-08-04, ms. 2, matching the golden answer exactly.

Qwen/Qwen3.5-397B-A17B: Jawapan 'Sehingga 31 Disember 2027' adalah tepat dan disokong sepenuhnya oleh konteks yang diperoleh daripada dn_2026-08-04 ms. 2, yang menyatakan pengecualian duti CKD bagi kenderaan elektrik diberikan 'sehingga 31st December 2027'. Jawapan ini sepadan dengan jawapan emas, dan rujukan yang diberikan adalah tepat.

moonshotai/Kimi-K2.6: The answer correctly states the CKD duty exemption for electric vehicles is given until 31 December 2027, which is directly supported by the retrieved context from dn_2026-08-04, ms. 2, matching the golden answer exactly.",""
"tp-0303","Sofia","dn_2019-05-06","6","Berapakah kes penderaan haiwan dilaporkan pada 2018?","662 kes penderaan haiwan telah dilaporkan dan diambil tindakan di bawah Akta Binatang 1953, dan Akta Kebajikan Haiwan 2015. Kes-kes penganiayaan dan pengabaian haiwan adalah melibatkan kucing sebanyak 50 ekor, anjing sebanyak 30 ekor, ayam sebanyak 13 ekor, lembu sebanyak lapan ekor, dan burung sebanyak tiga ekor.","662 kes penderaan haiwan telah dilaporkan pada tahun 2018.","[1] dn_2019-05-06 p.6: i kalau hisap ganja di Thailand ini jangan masuklah Malaysia. Masuk, kita tangkap. Silakan Yang Berhormat Senator Tuan Alan Ling Sie Kiong.

**3. Tuan Alan Ling Sie Kiong** minta Menteri Pertanian dan Industri Asas Tani menyatakan, jumlah kes penderaan haiwan yang dilaporkan pada tahun 2018 dan jenis haiwan serta tindakan yang diambil terhadap mereka yang terbabit. Apakah langkah Kerajaan untuk mengurangkan/mencegah kejadian tersebut.

**Timbalan Menteri Pertanian dan Industri Asas Tani [Tuan Sim Tze Tzin]:** Terima kasih Tuan Yang di-Pertua. Untuk makluman Yang Berhormat Senator, pada tahun- 

[2] dn_2019-05-06 p.6: paya walaupun kos yang tinggi, kita perlu membeli juga sebab saya tengok pihak penyeludup ini dia akan menggunakan pelbagai taktik. Antaranya dia masukkan barangan seperti bawang dan barang-barang makanan tetapi yang di bawah itu kalau kita tengok, dia mungkin ada dadah, dia mungkin ada senjata api.

Oleh sebab itulah walaupun ada usaha-usaha membraneras dadah, pelbagai agensi yang ditubuhkan tetapi nampak tidak berjaya, inilah salah satu dari puncanya. Jadi saya hendak memohon walaupun kos tinggi tetapi terpaksa juga dilaksanakan. Terima kasih.

**Tuan Liew Chin Tong:** Terima kasih Yang Berh

[3] dn_2019-05-06 p.6: k 13 ekor, lembu sebanyak lapan ekor, dan burung sebanyak tiga ekor. Daripada jumlah aduan yang telah dilaporkan pada tahun 2018- 40 kes telah didapati mempunyai asas untuk diambil tindakan di bawah Akta Binatang 1953, dan Akta Kebajikan Haiwan 2015.

Sebanyak 10 kes telah disiasat di bawah Akta Binatang 1953. Daripada 10 kes yang disiasat di bawah akta tersebut, lima kes tidak diteruskan proses pendakwaan, _no further action_ (NFA) atas arahan Timbalan Pendakwa Raya manakala empat kes masih lagi di dalam siasatan. Terdapat satu kes telah dituduh dan telah dikenakan hukuman bon untuk berkelaku

[4] dn_2019-05-06 p.7: DN 6.5.2019 7

Sebanyak 30 kes telah disiasat di bawah Akta Kebajikan Haiwan 2015. Daripada 30 kes yang telah disiasat di bawah akta tersebut, sebanyak 12 kes tidak diteruskan proses pendakwaan atas arahan Timbalan Pendakwa Raya manakala 13 kes masih lagi di dalam siasatan. Sebanyak satu kes telah dituduh dan telah dikenakan hukuman denda sebanyak RM25 ribu.

Satu kes lagi telah dikenakan acquittal dan discharge. Terdapat tiga kes masih dalam proses perbicaraan. Jumlah keseluruhan denda sehingga tahun 2018 adalah sebanyak RM46,200 yang turut melibatkan denda-denda kes yang dibawa daripada tahu

[5] dn_2019-05-06 p.7: g Yang Berhormat Sri Aman, Yang Berhormat Jimmy Donald yang menjadi Ahli Parilmen Sri Aman untuk tiga penggal daripada tahun 1995 sehingga 2008.

Soalan saya, Tuan Yang di-Pertua. Saya menerima baik inisiatif yang diadakan tetapi bagi saya, ada satu masalah iaitu saya tidak nampak satu hotline, aduan, talian khidmat 24 jam yang senang diingati oleh rakyat kita supaya kita boleh melaporkan keskes kezaliman haiwan ini kepada pihak tertentu. Oleh itu, saya mencadangkan supaya kementerian boleh mengadakan satu hotline yang senang diingati supaya kita boleh melaporkan melalui WhatsApp dan sebagainy","5","5","3","5","Afrina","","5","5","2","5","","3","zai-org/GLM-5.2: The answer correctly states 662 animal abuse cases reported in 2018, which is directly supported by the retrieved context and matches the golden answer. However, it omits the breakdown of animal types (cats, dogs, chickens, cows, birds) and the actions taken under the respective acts, which the golden answer covers. Citation is accurate to the correct sitting and page.

Qwen/Qwen3.5-397B-A17B: The answer correctly states 662 animal abuse cases reported in 2018, matching the golden answer and retrieved context from dn_2019-05-06, ms. 6. However, it omits the animal type breakdown (cats, dogs, chickens, cows, birds) and the actions taken under the Acts, which the golden answer covers.

moonshotai/Kimi-K2.6: The single claim (662 kes penderaan haiwan dilaporkan pada 2018) is directly supported by the retrieved context and matches the golden answer, but the answer omits the animal-type breakdown and the actions taken under Akta Binatang 1953 and Akta Kebajikan Haiwan 2015 that the golden answer covers, making completeness the lowest score.",""
"tp-0073","Sofia","dn_2026-02-26","7","Adakah ada sistem dalam talian untuk aduan projek?","Ya — sistem MyProjek 2.0 (versi terbaru) untuk memantau semua projek yang dilaksanakan di bawah ICU dan juga kementerian-kementerian yang lain. Sebarang aduan boleh dikemukakan kepada pihak-pihak yang berkaitan untuk ditangani, untuk memastikan bahawa tiada kelewatan untuk projek-projek yang dijalankan.","Ya. Terdapat sistem MyProjek 2.0 yang digunakan untuk memantau semua projek yang dilaksanakan di bawah ICU serta kementerian-kementerian lain. Sebarang aduan boleh dikemukakan kepada pihak-pihak berkaitan untuk ditangani bagi memastikan tiada kelewatan projek.","[1] dn_2026-02-26 p.6: nsep tadbir urus baik serta sifar toleransi terhadap rasuah dan salah urus. Sekiranya terdapat ruang penambahbaikan kerajaan sentiasa terbuka untuk menambah baik mekanisme pemantuan dan pelaporan. Matlamat utama Kerajaan MADANI adalah memastikan setiap ringgit yang diperuntukkan memberi manfaat langsung kepada rakyat. Dilaksanakan secara telus, berakauntabiliti dan berintegriti. Sekian, terima kasih.

**Timbalan Yang di-Pertua:** Soalan tambahan YB Rita.

**Puan Rita Sarimah anak Patrick Insol:** Ya, soalan tambahan. Adakah kementerian menyediakan sistem dalam talian yang boleh digunakan oleh 

[2] dn_2026-02-26 p.7: DN 26.2.2026 7

**Datuk Ts. Mustapha Sakmud:** Sebenarnya kita-- untuk pemantuan projek, kita ada yang kita panggil projek MyProjek 2.0. Itu untuk memantau semua projek-projek yang dilaksanakan di bawah ICU dan juga kementerian-kementerian yang lain. Sebarang aduan bolehlah dikemukakan kepada pihak-pihak yang berkaitan untuk kita tangani, untuk memastikan bahawa tiada kelewatan untuk projek-projek yang dijalankan. Terima kasih.

**Tuan Haji Hussin bin Ismail:** Soalan tambahan.

**Tuan Abun Sui Anyit:** _[Mencelah]_

**Dr. Hajah Wan Martina binti Wan Yusoff:** Soalan tambahan.

**Timbalan Yang

[3] dn_2026-02-26 p.7: -- adakah satu kaedah pemantuan yang berkesan untuk memastikan supaya tidak ada projek-projek terbengkalai pada masa depan? Terima kasih.

**Datuk Ts. Mustapha Sakmud:** Terima kasih Yang Berhormat Senator atas soalan tambahan. Datuk Yang di-Pertua, yang saya sebut tadi kita ada satu sistem yang kita panggil MyProjek. Sekarang ini 2.0 dan ada versi terbaru. Di sinilah kita akan memantau segala projek-projek yang dilaksanakan oleh ICU dan juga mana-mana agensi dan juga kementerian yang berkaitan.

Dan kita maklum bahawa banyak juga projek yang mengalami kelewatan, ada projek sakit. Dan ini juga

[4] dn_2026-02-26 p.6: mantau, ICU JPM memantau kemajuan projek secara keseluruhan melalui sistem digital. Dari aspek kualiti teknikal dan pematuhan spesifikasi binaan juga dipantau oleh ICU JPM bersama-sama agensi teknikal yang berkaitan.

Pemantuan berkala dilakukan melalui Mesyuarat Jawatankuasa Tindakan Pembangunan Negeri yang dipengerusikan oleh Setiausaha Kerajaan Negeri dan Pengarah Pembangunan Negeri ICU JPM. Sekiranya berlaku ketidakpatuhan atau kelewatan, denda LAD, kontraktor akan dikenakan ganti rugi Liquidated Ascertained Damages bagi setiap hari kelewatan.

Kedua, penamatan kontrak jika kontraktor gaga

[5] kkdr_2026-07-15 p.9: ganteng._

Sekiranya entiti kontrak majikan mengubah terma kontrak tanpa persetujuan pekerja gig yang merupakan satu pertikaian kerana ia telah melanggar hak pekerja sebagaimana yang dinyatakan di bawah perenggan 8(1)(F). 8(1)(F) Akta Pekerja Gig 2025 [_Akta 872_]. Ini termasuklah perubahan kadar lantai, kadar komisen dan lain-lain lagi. Pekerja gig hendaklah membuat aduan melalui mekanisme kilanan dalaman yang terdapat di syarikat dan sekiranya pertikaian tidak selesai, pekerja gig boleh membuat aduan terus kepada pihak KESUMA melalui sistem eAduan yang boleh diakses secara atas talian.

Adua","5","5","5","4","Afrina","","5","5","4","5","","3","zai-org/GLM-5.2: The answer faithfully reproduces the MyProjek 2.0 response from dn_2026-02-26 ms. 7, matching the golden answer on all checkable facts; the only minor gap is omitting the golden answer's note that it is the latest version ('versi terbaru'), which is a secondary detail.

Qwen/Qwen3.5-397B-A17B: The answer faithfully reproduces the minister's reply about MyProjek 2.0 from dn_2026-02-26 ms. 7, matching the golden answer on all checkable facts; the only minor gap is omitting the golden answer's note that it is the latest version (versi terbaru), which slightly reduces completeness.

moonshotai/Kimi-K2.6: The answer is fully supported by the retrieved context (dn_2026-02-26, ms. 7) and matches the golden answer on all key facts: MyProjek 2.0, monitoring of projects under ICU and other ministries, and complaint submission mechanism. The only minor omission is the golden answer's mention of 'versi terbaru' (latest version), which is a secondary detail.",""
"tp-0064","Sofia","dn_2026-08-03","3","Berapakah peruntukan lampu jalan solar di Sabah?","2023–2025: 61 lokasi di Jalan Persekutuan Sabah, kos RM6.4 juta, semua menggunakan lampu solar LED. 2026: RM34.19 juta untuk 362 lokasi seluruh Malaysia, daripada itu RM2.8 juta untuk 28 lokasi di Sabah. Arahan kerja dikeluarkan, fizikal siap tahun ini.","Pada tahun 2026, sebanyak RM2.8 juta telah diperuntukkan bagi pemasangan lampu jalan solar di 28 lokasi di Jalan Persekutuan di negeri Sabah. Bagi tempoh 2023 hingga 2025, sebanyak 61 lokasi di Jalan Persekutuan di Sabah telah siap dipasang lampu jalan solar LED dengan kos berjumlah RM6.4 juta.","[1] dn_2026-08-03 p.3: un hingga 2025, sebanyak 61 lokasi di Jalan Persekutuan di negeri Sabah dengan kos berjumlah RM6.4 juta telah siap dipasang lampu jalan di bawah program ini.

Jadi, kesemua pemasangan tersebut menggunakan lampu jalan solar LED. Jadi pada tahun 2026, tahun ini ya, sebanyak RM34.19 juta telah diperuntukkan bagi pemasangan lampu jalan di 362 lokasi terpilih di Jalan Persekutuan di seluruh Malaysia. Jadi, daripada jumlah tersebut, sebanyak RM2.8 juta diperuntukkan bagi 28 lokasi di Jalan Persekutuan di negeri Sabah. Dan arahan kerja telah dikeluarkan kepada Jabatan Kerja Raya Sabah dan kerja-kerja

[2] dn_2026-08-03 p.3: DN 3.8.2026 3

<tbc>lampu jalan solar telah mula dipasang oleh Jabatan Kerja Raya pada tahun 2019 melalui pelaksanaan projek rintis.

Kementerian ini amat mengambil beratlah akan isu keselamatan jalan raya khususnya yang melibatkan Jalan Persekutuan di seluruh negara. Dan kementerian ini melalui Program Menaik Taraf Infrastruktur Keselamatan Jalan Raya ada melaksanakan skop pemasangan lampu jalan di kawasan berlaku kemalangan atau berisiko kemalangan akibat jalan gelap. Jadi, antara kriteria utama yang dipertimbangkan untuk pemasangan lampu solar LED adalah di kawasan kerap kemalangan atau ber

[3] dn_2026-08-03 p.2: n yang paling kerap memerlukan penggantian dan kosnya dianggarkan sekitar 60 peratus daripada harga keseluruhan kelengkapan lampu.

Sehubungan dengan itu, KKR akan menilai penggunaan lampu jalan solar secara bersasar dari semasa ke semasa berdasarkan kesesuaian teknikal, keberkesanan kos, aspek penyelenggaraan dan manfaat teknologi hijau bagi memastikan pelaburan memberi nilai terbaik kepada kerajaan dan rakyat. Sekian, terima kasih.

**Datuk Anna Bell @ Suzieana binti Perian:** Terima kasih Yang Berhormat Dato Menteri, di atas jawapan yang begitu komprehensif dan cukup jelas. Soalan tambahan 

[4] dn_2026-08-03 p.2: untuk makluman Ahli Yang Berhormat Senator, Kementerian Kerja Raya memang bertanggungjawab bagi pemasangan lampu jalan termasuklah lampu jalan solar di Jalan Persekutuan ya, di Jalan Persekutuan. Manakala di kawasan luar bandar dan pedalaman adalah di bawah bidang kuasa Kementerian Kemajuan Desa dan Wilayah (KKDW).

Jadi, bagi pemasangan lampu jalan solar ataupun _Integrated Solar Light-Emitting Diode_ (ISLED) yang dilaksanakan oleh KKDW, kerja-kerja penyelenggaraan lampu jalan tersebut dilaksanakan di bawah peruntukan Jalan Negeri, MARRIS ya. Jadi, lampu jalan solar merupakan inisiatif hijau 

[5] dn_2026-03-02 p.52: <tbc>DN 2.3.2026 52<tbc>

<tbc>Ini adalah untuk dimasukkan dalam _Rolling Plan_ yang akan datang manakala bagi projek-projek jalan lain seperti Tubau ke Jelalong dan Jalan Murum, disarankan supaya permohonan tersebut dikemukakan secara terus kepada UPEN Sarawak.

Berkaitan dengan lampu jalan kampung, KKDW telah melaksanakan pemasangan lampu jalan kampung secara berfasa di seluruh negara semenjak tahun 2002. Sebanyak 25,613 unit lampu jalan kampung telah di pasang di seluruh negeri Selangor sehingga kini, yang terbanyak dalam negara, walaupun negeri paling banyak dapat _revenue_ sendiri. Dan...","5","5","5","5","Afrina","","5","5","4","5","","3","zai-org/GLM-5.2: The answer faithfully reports all figures from the retrieved context (RM2.8 juta for 28 locations in 2026; 61 locations at RM6.4 juta for 2023–2025, all solar LED) matching the golden answer, and cites the correct sitting and page (dn_2026-08-03, ms. 3). It only omits the secondary detail that work orders were issued and physical completion is expected this year, so completeness is 4 rather than 5.

Qwen/Qwen3.5-397B-A17B: All figures (RM2.8 juta, 28 lokasi, 61 lokasi, RM6.4 juta, solar LED) match the golden answer and are directly supported by the retrieved context from dn_2026-08-03 ms. 3. The only minor omission is the 2026 national allocation of RM34.19 juta for 362 locations and the note that work orders were issued with physical completion this year, which are secondary details.

moonshotai/Kimi-K2.6: The answer faithfully reports all figures from the retrieved context (RM2.8 juta for 28 locations in 2026; 61 locations at RM6.4 juta for 2023–2025, all solar LED), matching the golden answer on every checkable fact. It only omits the secondary detail that work orders were issued and physical completion is expected this year, keeping completeness at 4; the primary citation dn_2026-08-03 ms. 3 matches the golden reference exactly.",""
